002499,ST科林,E:\项目汇总\1---getPDF\PDF文件\hs_pdf/ST科林(002499.SZ)/年度报告/ST科林(002499.SZ)_2016-04-01.pdf
002499,ST科林,E:\项目汇总\1---getPDF\PDF文件\hs_pdf/ST科林(002499.SZ)/年度报告/ST科林(002499.SZ)_2017-03-03.pdf
002499,ST科林,E:\项目汇总\1---getPDF\PDF文件\hs_pdf/ST科林(002499.SZ)/年度报告/ST科林(002499.SZ)_2018-04-27.pdf
002499,ST科林,E:\项目汇总\1---getPDF\PDF文件\hs_pdf/ST科林(002499.SZ)/年度报告/ST科林(002499.SZ)_2019-04-25.pdf
000010,ST美丽,E:\项目汇总\1---getPDF\PDF文件\hs_pdf/ST美丽(000010.SZ)/年度报告/ST美丽(000010.SZ)_2016-05-24.pdf
000010,ST美丽,E:\项目汇总\1---getPDF\PDF文件\hs_pdf/ST美丽(000010.SZ)/年度报告/ST美丽(000010.SZ)_2017-04-22.pdf
000010,ST美丽,E:\项目汇总\1---getPDF\PDF文件\hs_pdf/ST美丽(000010.SZ)/年度报告/ST美丽(000010.SZ)_2017-05-10.pdf
000010,ST美丽,E:\项目汇总\1---getPDF\PDF文件\hs_pdf/ST美丽(000010.SZ)/年度报告/ST美丽(000010.SZ)_2017-07-14.pdf
000010,ST美丽,E:\项目汇总\1---getPDF\PDF文件\hs_pdf/ST美丽(000010.SZ)/年度报告/ST美丽(000010.SZ)_2017-12-30.pdf
000010,ST美丽,E:\项目汇总\1---getPDF\PDF文件\hs_pdf/ST美丽(000010.SZ)/年度报告/ST美丽(000010.SZ)_2018-04-27.pdf
000010,ST美丽,E:\项目汇总\1---getPDF\PDF文件\hs_pdf/ST美丽(000010.SZ)/年度报告/ST美丽(000010.SZ)_2018-07-26.pdf
000010,ST美丽,E:\项目汇总\1---getPDF\PDF文件\hs_pdf/ST美丽(000010.SZ)/年度报告/ST美丽(000010.SZ)_2019-04-25.pdf
000010,ST美丽,E:\项目汇总\1---getPDF\PDF文件\hs_pdf/ST美丽(000010.SZ)/年度报告/ST美丽(000010.SZ)_2019-05-30.pdf
002259,ST升达,E:\项目汇总\1---getPDF\PDF文件\hs_pdf/ST升达(002259.SZ)/年度报告/ST升达(002259.SZ)_2016-04-26.pdf
002259,ST升达,E:\项目汇总\1---getPDF\PDF文件\hs_pdf/ST升达(002259.SZ)/年度报告/ST升达(002259.SZ)_2017-04-14.pdf
002259,ST升达,E:\项目汇总\1---getPDF\PDF文件\hs_pdf/ST升达(002259.SZ)/年度报告/ST升达(002259.SZ)_2018-04-27.pdf
002259,ST升达,E:\项目汇总\1---getPDF\PDF文件\hs_pdf/ST升达(002259.SZ)/年度报告/ST升达(002259.SZ)_2019-04-30.pdf
300706,阿石创,E:\项目汇总\1---getPDF\PDF文件\hs_pdf/阿石创(300706.SZ)/年度报告/阿石创(300706.SZ)_2018-04-24.pdf
300706,阿石创,E:\项目汇总\1---getPDF\PDF文件\hs_pdf/阿石创(300706.SZ)/年度报告/阿石创(300706.SZ)_2019-04-25.pdf
300685,艾德生物,E:\项目汇总\1---getPDF\PDF文件\hs_pdf/艾德生物(300685.SZ)/年度报告/艾德生物(300685.SZ)_2018-04-03.pdf
300685,艾德生物,E:\项目汇总\1---getPDF\PDF文件\hs_pdf/艾德生物(300685.SZ)/年度报告/艾德生物(300685.SZ)_2019-03-26.pdf
300696,爱乐达,E:\项目汇总\1---getPDF\PDF文件\hs_pdf/爱乐达(300696.SZ)/年度报告/爱乐达(300696.SZ)_2018-04-24.pdf
300696,爱乐达,E:\项目汇总\1---getPDF\PDF文件\hs_pdf/爱乐达(300696.SZ)/年度报告/爱乐达(300696.SZ)_2019-04-26.pdf
300719,安达维尔,E:\项目汇总\1---getPDF\PDF文件\hs_pdf/安达维尔(300719.SZ)/年度报告/安达维尔(300719.SZ)_2018-03-31.pdf
300719,安达维尔,E:\项目汇总\1---getPDF\PDF文件\hs_pdf/安达维尔(300719.SZ)/年度报告/安达维尔(300719.SZ)_2019-04-09.pdf
300617,安靠智电,E:\项目汇总\1---getPDF\PDF文件\hs_pdf/安靠智电(300617.SZ)/年度报告/安靠智电(300617.SZ)_2018-04-12.pdf
300617,安靠智电,E:\项目汇总\1---getPDF\PDF文件\hs_pdf/安靠智电(300617.SZ)/年度报告/安靠智电(300617.SZ)_2019-02-28.pdf
002875,安奈儿,E:\项目汇总\1---getPDF\PDF文件\hs_pdf/安奈儿(002875.SZ)/年度报告/安奈儿(002875.SZ)_2018-03-27.pdf
002875,安奈儿,E:\项目汇总\1---getPDF\PDF文件\hs_pdf/安奈儿(002875.SZ)/年度报告/安奈儿(002875.SZ)_2019-03-27.pdf
300738,奥飞数据,E:\项目汇总\1---getPDF\PDF文件\hs_pdf/奥飞数据(300738.SZ)/年度报告/奥飞数据(300738.SZ)_2018-04-18.pdf
300738,奥飞数据,E:\项目汇总\1---getPDF\PDF文件\hs_pdf/奥飞数据(300738.SZ)/年度报告/奥飞数据(300738.SZ)_2019-03-28.pdf
300738,奥飞数据,E:\项目汇总\1---getPDF\PDF文件\hs_pdf/奥飞数据(300738.SZ)/年度报告/奥飞数据(300738.SZ)_2019-05-16.pdf
002170,芭田股份,E:\项目汇总\1---getPDF\PDF文件\hs_pdf/芭田股份(002170.SZ)/年度报告/芭田股份(002170.SZ)_2016-04-25.pdf
002170,芭田股份,E:\项目汇总\1---getPDF\PDF文件\hs_pdf/芭田股份(002170.SZ)/年度报告/芭田股份(002170.SZ)_2017-04-28.pdf
002170,芭田股份,E:\项目汇总\1---getPDF\PDF文件\hs_pdf/芭田股份(002170.SZ)/年度报告/芭田股份(002170.SZ)_2017-05-06.pdf
002170,芭田股份,E:\项目汇总\1---getPDF\PDF文件\hs_pdf/芭田股份(002170.SZ)/年度报告/芭田股份(002170.SZ)_2018-04-28.pdf
002170,芭田股份,E:\项目汇总\1---getPDF\PDF文件\hs_pdf/芭田股份(002170.SZ)/年度报告/芭田股份(002170.SZ)_2019-04-20.pdf
002170,芭田股份,E:\项目汇总\1---getPDF\PDF文件\hs_pdf/芭田股份(002170.SZ)/年度报告/芭田股份(002170.SZ)_2019-04-27.pdf
002696,百洋股份,E:\项目汇总\1---getPDF\PDF文件\hs_pdf/百洋股份(002696.SZ)/年度报告/百洋股份(002696.SZ)_2016-04-19.pdf
002696,百洋股份,E:\项目汇总\1---getPDF\PDF文件\hs_pdf/百洋股份(002696.SZ)/年度报告/百洋股份(002696.SZ)_2017-03-14.pdf
002696,百洋股份,E:\项目汇总\1---getPDF\PDF文件\hs_pdf/百洋股份(002696.SZ)/年度报告/百洋股份(002696.SZ)_2018-04-26.pdf
002696,百洋股份,E:\项目汇总\1---getPDF\PDF文件\hs_pdf/百洋股份(002696.SZ)/年度报告/百洋股份(002696.SZ)_2019-04-30.pdf
002696,百洋股份,E:\项目汇总\1---getPDF\PDF文件\hs_pdf/百洋股份(002696.SZ)/年度报告/百洋股份(002696.SZ)_2019-06-29.pdf
002832,比音勒芬,E:\项目汇总\1---getPDF\PDF文件\hs_pdf/比音勒芬(002832.SZ)/年度报告/比音勒芬(002832.SZ)_2017-04-26.pdf
002832,比音勒芬,E:\项目汇总\1---getPDF\PDF文件\hs_pdf/比音勒芬(002832.SZ)/年度报告/比音勒芬(002832.SZ)_2018-04-23.pdf
002832,比音勒芬,E:\项目汇总\1---getPDF\PDF文件\hs_pdf/比音勒芬(002832.SZ)/年度报告/比音勒芬(002832.SZ)_2019-04-20.pdf
300533,冰川网络,E:\项目汇总\1---getPDF\PDF文件\hs_pdf/冰川网络(300533.SZ)/年度报告/冰川网络(300533.SZ)_2017-04-18.pdf
300533,冰川网络,E:\项目汇总\1---getPDF\PDF文件\hs_pdf/冰川网络(300533.SZ)/年度报告/冰川网络(300533.SZ)_2018-04-24.pdf
300533,冰川网络,E:\项目汇总\1---getPDF\PDF文件\hs_pdf/冰川网络(300533.SZ)/年度报告/冰川网络(300533.SZ)_2019-04-23.pdf
000811,冰轮环境,E:\项目汇总\1---getPDF\PDF文件\hs_pdf/冰轮环境(000811.SZ)/年度报告/冰轮环境(000811.SZ)_2017-04-13.pdf
000811,冰轮环境,E:\项目汇总\1---getPDF\PDF文件\hs_pdf/冰轮环境(000811.SZ)/年度报告/冰轮环境(000811.SZ)_2018-04-11.pdf
000811,冰轮环境,E:\项目汇总\1---getPDF\PDF文件\hs_pdf/冰轮环境(000811.SZ)/年度报告/冰轮环境(000811.SZ)_2019-03-28.pdf
300422,博世科,E:\项目汇总\1---getPDF\PDF文件\hs_pdf/博世科(300422.SZ)/年度报告/博世科(300422.SZ)_2016-03-17.pdf
300422,博世科,E:\项目汇总\1---getPDF\PDF文件\hs_pdf/博世科(300422.SZ)/年度报告/博世科(300422.SZ)_2017-03-10.pdf
300422,博世科,E:\项目汇总\1---getPDF\PDF文件\hs_pdf/博世科(300422.SZ)/年度报告/博世科(300422.SZ)_2018-04-25.pdf
300604,长川科技,E:\项目汇总\1---getPDF\PDF文件\hs_pdf/长川科技(300604.SZ)/年度报告/长川科技(300604.SZ)_2018-04-25.pdf
300604,长川科技,E:\项目汇总\1---getPDF\PDF文件\hs_pdf/长川科技(300604.SZ)/年度报告/长川科技(300604.SZ)_2019-04-26.pdf
000521,长虹美菱,E:\项目汇总\1---getPDF\PDF文件\hs_pdf/长虹美菱(000521.SZ)/年度报告/长虹美菱(000521.SZ)_2016-03-25.pdf
000521,长虹美菱,E:\项目汇总\1---getPDF\PDF文件\hs_pdf/长虹美菱(000521.SZ)/年度报告/长虹美菱(000521.SZ)_2017-03-30.pdf
000521,长虹美菱,E:\项目汇总\1---getPDF\PDF文件\hs_pdf/长虹美菱(000521.SZ)/年度报告/长虹美菱(000521.SZ)_2018-03-30.pdf
000521,长虹美菱,E:\项目汇总\1---getPDF\PDF文件\hs_pdf/长虹美菱(000521.SZ)/年度报告/长虹美菱(000521.SZ)_2018-05-31.pdf
000521,长虹美菱,E:\项目汇总\1---getPDF\PDF文件\hs_pdf/长虹美菱(000521.SZ)/年度报告/长虹美菱(000521.SZ)_2019-03-29.pdf
002879,长缆科技,E:\项目汇总\1---getPDF\PDF文件\hs_pdf/长缆科技(002879.SZ)/年度报告/长缆科技(002879.SZ)_2018-03-15.pdf
002879,长缆科技,E:\项目汇总\1---getPDF\PDF文件\hs_pdf/长缆科技(002879.SZ)/年度报告/长缆科技(002879.SZ)_2019-03-19.pdf
300718,长盛轴承,E:\项目汇总\1---getPDF\PDF文件\hs_pdf/长盛轴承(300718.SZ)/年度报告/长盛轴承(300718.SZ)_2018-04-23.pdf
300718,长盛轴承,E:\项目汇总\1---getPDF\PDF文件\hs_pdf/长盛轴承(300718.SZ)/年度报告/长盛轴承(300718.SZ)_2019-04-23.pdf
300718,长盛轴承,E:\项目汇总\1---getPDF\PDF文件\hs_pdf/长盛轴承(300718.SZ)/年度报告/长盛轴承(300718.SZ)_2019-07-12.pdf
002288,超华科技,E:\项目汇总\1---getPDF\PDF文件\hs_pdf/超华科技(002288.SZ)/年度报告/超华科技(002288.SZ)_2016-02-25.pdf
002288,超华科技,E:\项目汇总\1---getPDF\PDF文件\hs_pdf/超华科技(002288.SZ)/年度报告/超华科技(002288.SZ)_2017-04-26.pdf
002288,超华科技,E:\项目汇总\1---getPDF\PDF文件\hs_pdf/超华科技(002288.SZ)/年度报告/超华科技(002288.SZ)_2018-04-26.pdf
002288,超华科技,E:\项目汇总\1---getPDF\PDF文件\hs_pdf/超华科技(002288.SZ)/年度报告/超华科技(002288.SZ)_2018-10-26.pdf
002288,超华科技,E:\项目汇总\1---getPDF\PDF文件\hs_pdf/超华科技(002288.SZ)/年度报告/超华科技(002288.SZ)_2019-04-09.pdf
300647,超频三,E:\项目汇总\1---getPDF\PDF文件\hs_pdf/超频三(300647.SZ)/年度报告/超频三(300647.SZ)_2018-03-28.pdf
300647,超频三,E:\项目汇总\1---getPDF\PDF文件\hs_pdf/超频三(300647.SZ)/年度报告/超频三(300647.SZ)_2018-05-09.pdf
300647,超频三,E:\项目汇总\1---getPDF\PDF文件\hs_pdf/超频三(300647.SZ)/年度报告/超频三(300647.SZ)_2019-04-25.pdf
300581,晨曦航空,E:\项目汇总\1---getPDF\PDF文件\hs_pdf/晨曦航空(300581.SZ)/年度报告/晨曦航空(300581.SZ)_2017-04-27.pdf
300581,晨曦航空,E:\项目汇总\1---getPDF\PDF文件\hs_pdf/晨曦航空(300581.SZ)/年度报告/晨曦航空(300581.SZ)_2018-04-25.pdf
000885,城发环境,E:\项目汇总\1---getPDF\PDF文件\hs_pdf/城发环境(000885.SZ)/年度报告/城发环境(000885.SZ)_2016-03-23.pdf
000885,城发环境,E:\项目汇总\1---getPDF\PDF文件\hs_pdf/城发环境(000885.SZ)/年度报告/城发环境(000885.SZ)_2017-03-30.pdf
000885,城发环境,E:\项目汇总\1---getPDF\PDF文件\hs_pdf/城发环境(000885.SZ)/年度报告/城发环境(000885.SZ)_2018-04-20.pdf
000885,城发环境,E:\项目汇总\1---getPDF\PDF文件\hs_pdf/城发环境(000885.SZ)/年度报告/城发环境(000885.SZ)_2019-04-19.pdf
300689,澄天伟业,E:\项目汇总\1---getPDF\PDF文件\hs_pdf/澄天伟业(300689.SZ)/年度报告/澄天伟业(300689.SZ)_2018-04-25.pdf
300689,澄天伟业,E:\项目汇总\1---getPDF\PDF文件\hs_pdf/澄天伟业(300689.SZ)/年度报告/澄天伟业(300689.SZ)_2019-04-23.pdf
002895,川恒股份,E:\项目汇总\1---getPDF\PDF文件\hs_pdf/川恒股份(002895.SZ)/年度报告/川恒股份(002895.SZ)_2018-04-24.pdf
002895,川恒股份,E:\项目汇总\1---getPDF\PDF文件\hs_pdf/川恒股份(002895.SZ)/年度报告/川恒股份(002895.SZ)_2018-05-11.pdf
002895,川恒股份,E:\项目汇总\1---getPDF\PDF文件\hs_pdf/川恒股份(002895.SZ)/年度报告/川恒股份(002895.SZ)_2019-03-29.pdf
300505,川金诺,E:\项目汇总\1---getPDF\PDF文件\hs_pdf/川金诺(300505.SZ)/年度报告/川金诺(300505.SZ)_2017-04-10.pdf
300505,川金诺,E:\项目汇总\1---getPDF\PDF文件\hs_pdf/川金诺(300505.SZ)/年度报告/川金诺(300505.SZ)_2018-03-07.pdf
300505,川金诺,E:\项目汇总\1---getPDF\PDF文件\hs_pdf/川金诺(300505.SZ)/年度报告/川金诺(300505.SZ)_2019-04-24.pdf
002866,传艺科技,E:\项目汇总\1---getPDF\PDF文件\hs_pdf/传艺科技(002866.SZ)/年度报告/传艺科技(002866.SZ)_2018-04-25.pdf
002866,传艺科技,E:\项目汇总\1---getPDF\PDF文件\hs_pdf/传艺科技(002866.SZ)/年度报告/传艺科技(002866.SZ)_2019-03-16.pdf
300688,创业黑马,E:\项目汇总\1---getPDF\PDF文件\hs_pdf/创业黑马(300688.SZ)/年度报告/创业黑马(300688.SZ)_2018-04-24.pdf
300688,创业黑马,E:\项目汇总\1---getPDF\PDF文件\hs_pdf/创业黑马(300688.SZ)/年度报告/创业黑马(300688.SZ)_2019-04-26.pdf
300703,创源文化,E:\项目汇总\1---getPDF\PDF文件\hs_pdf/创源文化(300703.SZ)/年度报告/创源文化(300703.SZ)_2018-04-20.pdf
300703,创源文化,E:\项目汇总\1---getPDF\PDF文件\hs_pdf/创源文化(300703.SZ)/年度报告/创源文化(300703.SZ)_2019-04-19.pdf
002512,达华智能,E:\项目汇总\1---getPDF\PDF文件\hs_pdf/达华智能(002512.SZ)/年度报告/达华智能(002512.SZ)_2016-04-20.pdf
002512,达华智能,E:\项目汇总\1---getPDF\PDF文件\hs_pdf/达华智能(002512.SZ)/年度报告/达华智能(002512.SZ)_2017-04-25.pdf
002512,达华智能,E:\项目汇总\1---getPDF\PDF文件\hs_pdf/达华智能(002512.SZ)/年度报告/达华智能(002512.SZ)_2018-04-21.pdf
002512,达华智能,E:\项目汇总\1---getPDF\PDF文件\hs_pdf/达华智能(002512.SZ)/年度报告/达华智能(002512.SZ)_2019-04-30.pdf
300535,达威股份,E:\项目汇总\1---getPDF\PDF文件\hs_pdf/达威股份(300535.SZ)/年度报告/达威股份(300535.SZ)_2017-04-07.pdf
300535,达威股份,E:\项目汇总\1---getPDF\PDF文件\hs_pdf/达威股份(300535.SZ)/年度报告/达威股份(300535.SZ)_2018-04-13.pdf
300535,达威股份,E:\项目汇总\1---getPDF\PDF文件\hs_pdf/达威股份(300535.SZ)/年度报告/达威股份(300535.SZ)_2019-04-12.pdf
300530,达志科技,E:\项目汇总\1---getPDF\PDF文件\hs_pdf/达志科技(300530.SZ)/年度报告/达志科技(300530.SZ)_2017-04-25.pdf
300530,达志科技,E:\项目汇总\1---getPDF\PDF文件\hs_pdf/达志科技(300530.SZ)/年度报告/达志科技(300530.SZ)_2018-04-24.pdf
300530,达志科技,E:\项目汇总\1---getPDF\PDF文件\hs_pdf/达志科技(300530.SZ)/年度报告/达志科技(300530.SZ)_2019-04-25.pdf
300530,达志科技,E:\项目汇总\1---getPDF\PDF文件\hs_pdf/达志科技(300530.SZ)/年度报告/达志科技(300530.SZ)_2019-05-22.pdf
002901,大博医疗,E:\项目汇总\1---getPDF\PDF文件\hs_pdf/大博医疗(002901.SZ)/年度报告/大博医疗(002901.SZ)_2018-04-24.pdf
002901,大博医疗,E:\项目汇总\1---getPDF\PDF文件\hs_pdf/大博医疗(002901.SZ)/年度报告/大博医疗(002901.SZ)_2019-04-27.pdf
300670,大烨智能,E:\项目汇总\1---getPDF\PDF文件\hs_pdf/大烨智能(300670.SZ)/年度报告/大烨智能(300670.SZ)_2018-04-20.pdf
300670,大烨智能,E:\项目汇总\1---getPDF\PDF文件\hs_pdf/大烨智能(300670.SZ)/年度报告/大烨智能(300670.SZ)_2019-04-19.pdf
300700,岱勒新材,E:\项目汇总\1---getPDF\PDF文件\hs_pdf/岱勒新材(300700.SZ)/年度报告/岱勒新材(300700.SZ)_2018-02-28.pdf
300700,岱勒新材,E:\项目汇总\1---getPDF\PDF文件\hs_pdf/岱勒新材(300700.SZ)/年度报告/岱勒新材(300700.SZ)_2019-02-01.pdf
002838,道恩股份,E:\项目汇总\1---getPDF\PDF文件\hs_pdf/道恩股份(002838.SZ)/年度报告/道恩股份(002838.SZ)_2017-04-25.pdf
002838,道恩股份,E:\项目汇总\1---getPDF\PDF文件\hs_pdf/道恩股份(002838.SZ)/年度报告/道恩股份(002838.SZ)_2018-03-27.pdf
002632,道明光学,E:\项目汇总\1---getPDF\PDF文件\hs_pdf/道明光学(002632.SZ)/年度报告/道明光学(002632.SZ)_2016-04-23.pdf
002632,道明光学,E:\项目汇总\1---getPDF\PDF文件\hs_pdf/道明光学(002632.SZ)/年度报告/道明光学(002632.SZ)_2017-02-28.pdf
002632,道明光学,E:\项目汇总\1---getPDF\PDF文件\hs_pdf/道明光学(002632.SZ)/年度报告/道明光学(002632.SZ)_2018-04-25.pdf
002632,道明光学,E:\项目汇总\1---getPDF\PDF文件\hs_pdf/道明光学(002632.SZ)/年度报告/道明光学(002632.SZ)_2018-05-09.pdf
002920,德赛西威,E:\项目汇总\1---getPDF\PDF文件\hs_pdf/德赛西威(002920.SZ)/年度报告/德赛西威(002920.SZ)_2018-04-04.pdf
002920,德赛西威,E:\项目汇总\1---getPDF\PDF文件\hs_pdf/德赛西威(002920.SZ)/年度报告/德赛西威(002920.SZ)_2019-04-09.pdf
300640,德艺文创,E:\项目汇总\1---getPDF\PDF文件\hs_pdf/德艺文创(300640.SZ)/年度报告/德艺文创(300640.SZ)_2018-04-24.pdf
300640,德艺文创,E:\项目汇总\1---getPDF\PDF文件\hs_pdf/德艺文创(300640.SZ)/年度报告/德艺文创(300640.SZ)_2019-04-16.pdf
300679,电连技术,E:\项目汇总\1---getPDF\PDF文件\hs_pdf/电连技术(300679.SZ)/年度报告/电连技术(300679.SZ)_2018-04-21.pdf
300679,电连技术,E:\项目汇总\1---getPDF\PDF文件\hs_pdf/电连技术(300679.SZ)/年度报告/电连技术(300679.SZ)_2018-04-27.pdf
300679,电连技术,E:\项目汇总\1---getPDF\PDF文件\hs_pdf/电连技术(300679.SZ)/年度报告/电连技术(300679.SZ)_2019-04-26.pdf
300011,鼎汉技术,E:\项目汇总\1---getPDF\PDF文件\hs_pdf/鼎汉技术(300011.SZ)/年度报告/鼎汉技术(300011.SZ)_2016-04-09.pdf
300011,鼎汉技术,E:\项目汇总\1---getPDF\PDF文件\hs_pdf/鼎汉技术(300011.SZ)/年度报告/鼎汉技术(300011.SZ)_2017-04-20.pdf
300011,鼎汉技术,E:\项目汇总\1---getPDF\PDF文件\hs_pdf/鼎汉技术(300011.SZ)/年度报告/鼎汉技术(300011.SZ)_2018-04-24.pdf
300011,鼎汉技术,E:\项目汇总\1---getPDF\PDF文件\hs_pdf/鼎汉技术(300011.SZ)/年度报告/鼎汉技术(300011.SZ)_2019-04-23.pdf
002502,鼎龙文化,E:\项目汇总\1---getPDF\PDF文件\hs_pdf/鼎龙文化(002502.SZ)/年度报告/鼎龙文化(002502.SZ)_2016-04-01.pdf
002502,鼎龙文化,E:\项目汇总\1---getPDF\PDF文件\hs_pdf/鼎龙文化(002502.SZ)/年度报告/鼎龙文化(002502.SZ)_2017-03-29.pdf
002502,鼎龙文化,E:\项目汇总\1---getPDF\PDF文件\hs_pdf/鼎龙文化(002502.SZ)/年度报告/鼎龙文化(002502.SZ)_2018-04-26.pdf
002502,鼎龙文化,E:\项目汇总\1---getPDF\PDF文件\hs_pdf/鼎龙文化(002502.SZ)/年度报告/鼎龙文化(002502.SZ)_2019-04-25.pdf
002221,东华能源,E:\项目汇总\1---getPDF\PDF文件\hs_pdf/东华能源(002221.SZ)/年度报告/东华能源(002221.SZ)_2016-04-15.pdf
002221,东华能源,E:\项目汇总\1---getPDF\PDF文件\hs_pdf/东华能源(002221.SZ)/年度报告/东华能源(002221.SZ)_2017-04-28.pdf
002221,东华能源,E:\项目汇总\1---getPDF\PDF文件\hs_pdf/东华能源(002221.SZ)/年度报告/东华能源(002221.SZ)_2018-04-26.pdf
002221,东华能源,E:\项目汇总\1---getPDF\PDF文件\hs_pdf/东华能源(002221.SZ)/年度报告/东华能源(002221.SZ)_2019-04-19.pdf
200413,东旭B,E:\项目汇总\1---getPDF\PDF文件\hs_pdf/东旭B(200413.SZ)/年度报告/东旭B(200413.SZ)_2016-02-06.pdf
200413,东旭B,E:\项目汇总\1---getPDF\PDF文件\hs_pdf/东旭B(200413.SZ)/年度报告/东旭B(200413.SZ)_2017-03-28.pdf
200413,东旭B,E:\项目汇总\1---getPDF\PDF文件\hs_pdf/东旭B(200413.SZ)/年度报告/东旭B(200413.SZ)_2018-04-20.pdf
200413,东旭B,E:\项目汇总\1---getPDF\PDF文件\hs_pdf/东旭B(200413.SZ)/年度报告/东旭B(200413.SZ)_2018-06-13.pdf
200413,东旭B,E:\项目汇总\1---getPDF\PDF文件\hs_pdf/东旭B(200413.SZ)/年度报告/东旭B(200413.SZ)_2019-04-30.pdf
000413,东旭光电,E:\项目汇总\1---getPDF\PDF文件\hs_pdf/东旭光电(000413.SZ)/年度报告/东旭光电(000413.SZ)_2016-02-06.pdf
000413,东旭光电,E:\项目汇总\1---getPDF\PDF文件\hs_pdf/东旭光电(000413.SZ)/年度报告/东旭光电(000413.SZ)_2017-03-28.pdf
000413,东旭光电,E:\项目汇总\1---getPDF\PDF文件\hs_pdf/东旭光电(000413.SZ)/年度报告/东旭光电(000413.SZ)_2018-04-20.pdf
000413,东旭光电,E:\项目汇总\1---getPDF\PDF文件\hs_pdf/东旭光电(000413.SZ)/年度报告/东旭光电(000413.SZ)_2018-06-13.pdf
000413,东旭光电,E:\项目汇总\1---getPDF\PDF文件\hs_pdf/东旭光电(000413.SZ)/年度报告/东旭光电(000413.SZ)_2019-04-30.pdf
002467,二六三,E:\项目汇总\1---getPDF\PDF文件\hs_pdf/二六三(002467.SZ)/年度报告/二六三(002467.SZ)_2018-04-21.pdf
002467,二六三,E:\项目汇总\1---getPDF\PDF文件\hs_pdf/二六三(002467.SZ)/年度报告/二六三(002467.SZ)_2019-03-30.pdf
000890,法 尔 胜,E:\项目汇总\1---getPDF\PDF文件\hs_pdf/法 尔 胜(000890.SZ)/年度报告/法 尔 胜(000890.SZ)_2017-03-17.pdf
000890,法 尔 胜,E:\项目汇总\1---getPDF\PDF文件\hs_pdf/法 尔 胜(000890.SZ)/年度报告/法 尔 胜(000890.SZ)_2018-03-31.pdf
000890,法 尔 胜,E:\项目汇总\1---getPDF\PDF文件\hs_pdf/法 尔 胜(000890.SZ)/年度报告/法 尔 胜(000890.SZ)_2019-04-29.pdf
200055,方大Ｂ,E:\项目汇总\1---getPDF\PDF文件\hs_pdf/方大Ｂ(200055.SZ)/年度报告/方大Ｂ(200055.SZ)_2016-04-26.pdf
200055,方大Ｂ,E:\项目汇总\1---getPDF\PDF文件\hs_pdf/方大Ｂ(200055.SZ)/年度报告/方大Ｂ(200055.SZ)_2017-03-21.pdf
200055,方大Ｂ,E:\项目汇总\1---getPDF\PDF文件\hs_pdf/方大Ｂ(200055.SZ)/年度报告/方大Ｂ(200055.SZ)_2017-04-25.pdf
200055,方大Ｂ,E:\项目汇总\1---getPDF\PDF文件\hs_pdf/方大Ｂ(200055.SZ)/年度报告/方大Ｂ(200055.SZ)_2018-04-24.pdf
200055,方大Ｂ,E:\项目汇总\1---getPDF\PDF文件\hs_pdf/方大Ｂ(200055.SZ)/年度报告/方大Ｂ(200055.SZ)_2019-01-30.pdf
000055,方大集团,E:\项目汇总\1---getPDF\PDF文件\hs_pdf/方大集团(000055.SZ)/年度报告/方大集团(000055.SZ)_2016-04-26.pdf
000055,方大集团,E:\项目汇总\1---getPDF\PDF文件\hs_pdf/方大集团(000055.SZ)/年度报告/方大集团(000055.SZ)_2017-03-21.pdf
000055,方大集团,E:\项目汇总\1---getPDF\PDF文件\hs_pdf/方大集团(000055.SZ)/年度报告/方大集团(000055.SZ)_2017-04-25.pdf
000055,方大集团,E:\项目汇总\1---getPDF\PDF文件\hs_pdf/方大集团(000055.SZ)/年度报告/方大集团(000055.SZ)_2018-04-24.pdf
000055,方大集团,E:\项目汇总\1---getPDF\PDF文件\hs_pdf/方大集团(000055.SZ)/年度报告/方大集团(000055.SZ)_2019-01-30.pdf
000026,飞亚达Ａ,E:\项目汇总\1---getPDF\PDF文件\hs_pdf/飞亚达Ａ(000026.SZ)/年度报告/飞亚达Ａ(000026.SZ)_2016-03-10.pdf
000026,飞亚达Ａ,E:\项目汇总\1---getPDF\PDF文件\hs_pdf/飞亚达Ａ(000026.SZ)/年度报告/飞亚达Ａ(000026.SZ)_2017-03-10.pdf
000026,飞亚达Ａ,E:\项目汇总\1---getPDF\PDF文件\hs_pdf/飞亚达Ａ(000026.SZ)/年度报告/飞亚达Ａ(000026.SZ)_2018-03-10.pdf
000026,飞亚达Ａ,E:\项目汇总\1---getPDF\PDF文件\hs_pdf/飞亚达Ａ(000026.SZ)/年度报告/飞亚达Ａ(000026.SZ)_2019-03-15.pdf
200026,飞亚达Ｂ,E:\项目汇总\1---getPDF\PDF文件\hs_pdf/飞亚达Ｂ(200026.SZ)/年度报告/飞亚达Ｂ(200026.SZ)_2016-03-10.pdf
200026,飞亚达Ｂ,E:\项目汇总\1---getPDF\PDF文件\hs_pdf/飞亚达Ｂ(200026.SZ)/年度报告/飞亚达Ｂ(200026.SZ)_2017-03-10.pdf
200026,飞亚达Ｂ,E:\项目汇总\1---getPDF\PDF文件\hs_pdf/飞亚达Ｂ(200026.SZ)/年度报告/飞亚达Ｂ(200026.SZ)_2018-03-10.pdf
200026,飞亚达Ｂ,E:\项目汇总\1---getPDF\PDF文件\hs_pdf/飞亚达Ｂ(200026.SZ)/年度报告/飞亚达Ｂ(200026.SZ)_2019-03-15.pdf
002911,佛燃股份,E:\项目汇总\1---getPDF\PDF文件\hs_pdf/佛燃股份(002911.SZ)/年度报告/佛燃股份(002911.SZ)_2018-03-15.pdf
002911,佛燃股份,E:\项目汇总\1---getPDF\PDF文件\hs_pdf/佛燃股份(002911.SZ)/年度报告/佛燃股份(002911.SZ)_2019-03-22.pdf
002507,涪陵榨菜,E:\项目汇总\1---getPDF\PDF文件\hs_pdf/涪陵榨菜(002507.SZ)/年度报告/涪陵榨菜(002507.SZ)_2017-03-31.pdf
002507,涪陵榨菜,E:\项目汇总\1---getPDF\PDF文件\hs_pdf/涪陵榨菜(002507.SZ)/年度报告/涪陵榨菜(002507.SZ)_2017-04-05.pdf
002507,涪陵榨菜,E:\项目汇总\1---getPDF\PDF文件\hs_pdf/涪陵榨菜(002507.SZ)/年度报告/涪陵榨菜(002507.SZ)_2018-03-17.pdf
002507,涪陵榨菜,E:\项目汇总\1---getPDF\PDF文件\hs_pdf/涪陵榨菜(002507.SZ)/年度报告/涪陵榨菜(002507.SZ)_2019-03-22.pdf
002479,富春环保,E:\项目汇总\1---getPDF\PDF文件\hs_pdf/富春环保(002479.SZ)/年度报告/富春环保(002479.SZ)_2018-04-25.pdf
002479,富春环保,E:\项目汇总\1---getPDF\PDF文件\hs_pdf/富春环保(002479.SZ)/年度报告/富春环保(002479.SZ)_2019-04-29.pdf
300613,富瀚微,E:\项目汇总\1---getPDF\PDF文件\hs_pdf/富瀚微(300613.SZ)/年度报告/富瀚微(300613.SZ)_2018-04-25.pdf
300613,富瀚微,E:\项目汇总\1---getPDF\PDF文件\hs_pdf/富瀚微(300613.SZ)/年度报告/富瀚微(300613.SZ)_2019-03-01.pdf
300671,富满电子,E:\项目汇总\1---getPDF\PDF文件\hs_pdf/富满电子(300671.SZ)/年度报告/富满电子(300671.SZ)_2018-04-17.pdf
300671,富满电子,E:\项目汇总\1---getPDF\PDF文件\hs_pdf/富满电子(300671.SZ)/年度报告/富满电子(300671.SZ)_2019-04-04.pdf
000651,格力电器,E:\项目汇总\1---getPDF\PDF文件\hs_pdf/格力电器(000651.SZ)/年度报告/格力电器(000651.SZ)_2016-04-29.pdf
000651,格力电器,E:\项目汇总\1---getPDF\PDF文件\hs_pdf/格力电器(000651.SZ)/年度报告/格力电器(000651.SZ)_2017-04-27.pdf
000651,格力电器,E:\项目汇总\1---getPDF\PDF文件\hs_pdf/格力电器(000651.SZ)/年度报告/格力电器(000651.SZ)_2017-11-15.pdf
000651,格力电器,E:\项目汇总\1---getPDF\PDF文件\hs_pdf/格力电器(000651.SZ)/年度报告/格力电器(000651.SZ)_2018-04-26.pdf
000651,格力电器,E:\项目汇总\1---getPDF\PDF文件\hs_pdf/格力电器(000651.SZ)/年度报告/格力电器(000651.SZ)_2018-05-08.pdf
000651,格力电器,E:\项目汇总\1---getPDF\PDF文件\hs_pdf/格力电器(000651.SZ)/年度报告/格力电器(000651.SZ)_2018-08-18.pdf
000651,格力电器,E:\项目汇总\1---getPDF\PDF文件\hs_pdf/格力电器(000651.SZ)/年度报告/格力电器(000651.SZ)_2019-04-29.pdf
300735,光弘科技,E:\项目汇总\1---getPDF\PDF文件\hs_pdf/光弘科技(300735.SZ)/年度报告/光弘科技(300735.SZ)_2018-04-16.pdf
300735,光弘科技,E:\项目汇总\1---getPDF\PDF文件\hs_pdf/光弘科技(300735.SZ)/年度报告/光弘科技(300735.SZ)_2019-04-25.pdf
300620,光库科技,E:\项目汇总\1---getPDF\PDF文件\hs_pdf/光库科技(300620.SZ)/年度报告/光库科技(300620.SZ)_2018-04-03.pdf
300620,光库科技,E:\项目汇总\1---getPDF\PDF文件\hs_pdf/光库科技(300620.SZ)/年度报告/光库科技(300620.SZ)_2019-04-09.pdf
300632,光莆股份,E:\项目汇总\1---getPDF\PDF文件\hs_pdf/光莆股份(300632.SZ)/年度报告/光莆股份(300632.SZ)_2018-04-18.pdf
300632,光莆股份,E:\项目汇总\1---getPDF\PDF文件\hs_pdf/光莆股份(300632.SZ)/年度报告/光莆股份(300632.SZ)_2019-02-19.pdf
300699,光威复材,E:\项目汇总\1---getPDF\PDF文件\hs_pdf/光威复材(300699.SZ)/年度报告/光威复材(300699.SZ)_2018-04-03.pdf
300699,光威复材,E:\项目汇总\1---getPDF\PDF文件\hs_pdf/光威复材(300699.SZ)/年度报告/光威复材(300699.SZ)_2018-04-05.pdf
300699,光威复材,E:\项目汇总\1---getPDF\PDF文件\hs_pdf/光威复材(300699.SZ)/年度报告/光威复材(300699.SZ)_2019-03-26.pdf
002281,光迅科技,E:\项目汇总\1---getPDF\PDF文件\hs_pdf/光迅科技(002281.SZ)/年度报告/光迅科技(002281.SZ)_2017-03-09.pdf
002281,光迅科技,E:\项目汇总\1---getPDF\PDF文件\hs_pdf/光迅科技(002281.SZ)/年度报告/光迅科技(002281.SZ)_2017-06-16.pdf
002281,光迅科技,E:\项目汇总\1---getPDF\PDF文件\hs_pdf/光迅科技(002281.SZ)/年度报告/光迅科技(002281.SZ)_2018-04-26.pdf
002281,光迅科技,E:\项目汇总\1---getPDF\PDF文件\hs_pdf/光迅科技(002281.SZ)/年度报告/光迅科技(002281.SZ)_2019-04-27.pdf
300638,广和通,E:\项目汇总\1---getPDF\PDF文件\hs_pdf/广和通(300638.SZ)/年度报告/广和通(300638.SZ)_2018-04-13.pdf
300638,广和通,E:\项目汇总\1---getPDF\PDF文件\hs_pdf/广和通(300638.SZ)/年度报告/广和通(300638.SZ)_2019-03-08.pdf
000537,广宇发展,E:\项目汇总\1---getPDF\PDF文件\hs_pdf/广宇发展(000537.SZ)/年度报告/广宇发展(000537.SZ)_2016-06-04.pdf
000537,广宇发展,E:\项目汇总\1---getPDF\PDF文件\hs_pdf/广宇发展(000537.SZ)/年度报告/广宇发展(000537.SZ)_2017-04-28.pdf
000537,广宇发展,E:\项目汇总\1---getPDF\PDF文件\hs_pdf/广宇发展(000537.SZ)/年度报告/广宇发展(000537.SZ)_2018-03-21.pdf
000537,广宇发展,E:\项目汇总\1---getPDF\PDF文件\hs_pdf/广宇发展(000537.SZ)/年度报告/广宇发展(000537.SZ)_2019-04-26.pdf
300672,国科微,E:\项目汇总\1---getPDF\PDF文件\hs_pdf/国科微(300672.SZ)/年度报告/国科微(300672.SZ)_2018-04-24.pdf
300672,国科微,E:\项目汇总\1---getPDF\PDF文件\hs_pdf/国科微(300672.SZ)/年度报告/国科微(300672.SZ)_2019-04-25.pdf
000584,哈工智能,E:\项目汇总\1---getPDF\PDF文件\hs_pdf/哈工智能(000584.SZ)/年度报告/哈工智能(000584.SZ)_2016-04-29.pdf
000584,哈工智能,E:\项目汇总\1---getPDF\PDF文件\hs_pdf/哈工智能(000584.SZ)/年度报告/哈工智能(000584.SZ)_2017-03-30.pdf
000584,哈工智能,E:\项目汇总\1---getPDF\PDF文件\hs_pdf/哈工智能(000584.SZ)/年度报告/哈工智能(000584.SZ)_2017-04-08.pdf
000584,哈工智能,E:\项目汇总\1---getPDF\PDF文件\hs_pdf/哈工智能(000584.SZ)/年度报告/哈工智能(000584.SZ)_2018-04-16.pdf
000584,哈工智能,E:\项目汇总\1---getPDF\PDF文件\hs_pdf/哈工智能(000584.SZ)/年度报告/哈工智能(000584.SZ)_2019-03-06.pdf
000584,哈工智能,E:\项目汇总\1---getPDF\PDF文件\hs_pdf/哈工智能(000584.SZ)/年度报告/哈工智能(000584.SZ)_2019-10-26.pdf
300517,海波重科,E:\项目汇总\1---getPDF\PDF文件\hs_pdf/海波重科(300517.SZ)/年度报告/海波重科(300517.SZ)_2017-04-18.pdf
300517,海波重科,E:\项目汇总\1---getPDF\PDF文件\hs_pdf/海波重科(300517.SZ)/年度报告/海波重科(300517.SZ)_2018-04-13.pdf
300517,海波重科,E:\项目汇总\1---getPDF\PDF文件\hs_pdf/海波重科(300517.SZ)/年度报告/海波重科(300517.SZ)_2018-04-16.pdf
300517,海波重科,E:\项目汇总\1---getPDF\PDF文件\hs_pdf/海波重科(300517.SZ)/年度报告/海波重科(300517.SZ)_2019-04-11.pdf
300720,海川智能,E:\项目汇总\1---getPDF\PDF文件\hs_pdf/海川智能(300720.SZ)/年度报告/海川智能(300720.SZ)_2018-04-24.pdf
300720,海川智能,E:\项目汇总\1---getPDF\PDF文件\hs_pdf/海川智能(300720.SZ)/年度报告/海川智能(300720.SZ)_2019-04-26.pdf
002415,海康威视,E:\项目汇总\1---getPDF\PDF文件\hs_pdf/海康威视(002415.SZ)/年度报告/海康威视(002415.SZ)_2016-04-09.pdf
002415,海康威视,E:\项目汇总\1---getPDF\PDF文件\hs_pdf/海康威视(002415.SZ)/年度报告/海康威视(002415.SZ)_2016-04-26.pdf
002415,海康威视,E:\项目汇总\1---getPDF\PDF文件\hs_pdf/海康威视(002415.SZ)/年度报告/海康威视(002415.SZ)_2017-04-14.pdf
002415,海康威视,E:\项目汇总\1---getPDF\PDF文件\hs_pdf/海康威视(002415.SZ)/年度报告/海康威视(002415.SZ)_2017-04-22.pdf
002415,海康威视,E:\项目汇总\1---getPDF\PDF文件\hs_pdf/海康威视(002415.SZ)/年度报告/海康威视(002415.SZ)_2018-04-21.pdf
002415,海康威视,E:\项目汇总\1---getPDF\PDF文件\hs_pdf/海康威视(002415.SZ)/年度报告/海康威视(002415.SZ)_2018-04-27.pdf
002415,海康威视,E:\项目汇总\1---getPDF\PDF文件\hs_pdf/海康威视(002415.SZ)/年度报告/海康威视(002415.SZ)_2019-04-20.pdf
002415,海康威视,E:\项目汇总\1---getPDF\PDF文件\hs_pdf/海康威视(002415.SZ)/年度报告/海康威视(002415.SZ)_2019-04-25.pdf
002653,海思科,E:\项目汇总\1---getPDF\PDF文件\hs_pdf/海思科(002653.SZ)/年度报告/海思科(002653.SZ)_2016-03-16.pdf
002653,海思科,E:\项目汇总\1---getPDF\PDF文件\hs_pdf/海思科(002653.SZ)/年度报告/海思科(002653.SZ)_2017-04-27.pdf
002653,海思科,E:\项目汇总\1---getPDF\PDF文件\hs_pdf/海思科(002653.SZ)/年度报告/海思科(002653.SZ)_2018-04-12.pdf
002653,海思科,E:\项目汇总\1---getPDF\PDF文件\hs_pdf/海思科(002653.SZ)/年度报告/海思科(002653.SZ)_2019-03-28.pdf
300683,海特生物,E:\项目汇总\1---getPDF\PDF文件\hs_pdf/海特生物(300683.SZ)/年度报告/海特生物(300683.SZ)_2018-04-09.pdf
300683,海特生物,E:\项目汇总\1---getPDF\PDF文件\hs_pdf/海特生物(300683.SZ)/年度报告/海特生物(300683.SZ)_2019-04-20.pdf
000921,海信家电,E:\项目汇总\1---getPDF\PDF文件\hs_pdf/海信家电(000921.SZ)/年度报告/海信家电(000921.SZ)_2017-03-30.pdf
000921,海信家电,E:\项目汇总\1---getPDF\PDF文件\hs_pdf/海信家电(000921.SZ)/年度报告/海信家电(000921.SZ)_2018-03-30.pdf
000921,海信家电,E:\项目汇总\1---getPDF\PDF文件\hs_pdf/海信家电(000921.SZ)/年度报告/海信家电(000921.SZ)_2019-03-29.pdf
300618,寒锐钴业,E:\项目汇总\1---getPDF\PDF文件\hs_pdf/寒锐钴业(300618.SZ)/年度报告/寒锐钴业(300618.SZ)_2018-02-13.pdf
300618,寒锐钴业,E:\项目汇总\1---getPDF\PDF文件\hs_pdf/寒锐钴业(300618.SZ)/年度报告/寒锐钴业(300618.SZ)_2019-04-26.pdf
002498,汉缆股份,E:\项目汇总\1---getPDF\PDF文件\hs_pdf/汉缆股份(002498.SZ)/年度报告/汉缆股份(002498.SZ)_2016-04-22.pdf
002498,汉缆股份,E:\项目汇总\1---getPDF\PDF文件\hs_pdf/汉缆股份(002498.SZ)/年度报告/汉缆股份(002498.SZ)_2017-04-27.pdf
002498,汉缆股份,E:\项目汇总\1---getPDF\PDF文件\hs_pdf/汉缆股份(002498.SZ)/年度报告/汉缆股份(002498.SZ)_2018-04-21.pdf
300649,杭州园林,E:\项目汇总\1---getPDF\PDF文件\hs_pdf/杭州园林(300649.SZ)/年度报告/杭州园林(300649.SZ)_2018-04-24.pdf
300649,杭州园林,E:\项目汇总\1---getPDF\PDF文件\hs_pdf/杭州园林(300649.SZ)/年度报告/杭州园林(300649.SZ)_2019-04-23.pdf
300657,弘信电子,E:\项目汇总\1---getPDF\PDF文件\hs_pdf/弘信电子(300657.SZ)/年度报告/弘信电子(300657.SZ)_2018-04-23.pdf
300657,弘信电子,E:\项目汇总\1---getPDF\PDF文件\hs_pdf/弘信电子(300657.SZ)/年度报告/弘信电子(300657.SZ)_2019-03-08.pdf
300657,弘信电子,E:\项目汇总\1---getPDF\PDF文件\hs_pdf/弘信电子(300657.SZ)/年度报告/弘信电子(300657.SZ)_2019-03-29.pdf
002890,弘宇股份,E:\项目汇总\1---getPDF\PDF文件\hs_pdf/弘宇股份(002890.SZ)/年度报告/弘宇股份(002890.SZ)_2018-04-09.pdf
002890,弘宇股份,E:\项目汇总\1---getPDF\PDF文件\hs_pdf/弘宇股份(002890.SZ)/年度报告/弘宇股份(002890.SZ)_2019-04-12.pdf
300726,宏达电子,E:\项目汇总\1---getPDF\PDF文件\hs_pdf/宏达电子(300726.SZ)/年度报告/宏达电子(300726.SZ)_2018-04-20.pdf
300726,宏达电子,E:\项目汇总\1---getPDF\PDF文件\hs_pdf/宏达电子(300726.SZ)/年度报告/宏达电子(300726.SZ)_2019-03-29.pdf
200521,虹美菱B,E:\项目汇总\1---getPDF\PDF文件\hs_pdf/虹美菱B(200521.SZ)/年度报告/虹美菱B(200521.SZ)_2016-03-25.pdf
200521,虹美菱B,E:\项目汇总\1---getPDF\PDF文件\hs_pdf/虹美菱B(200521.SZ)/年度报告/虹美菱B(200521.SZ)_2017-03-30.pdf
200521,虹美菱B,E:\项目汇总\1---getPDF\PDF文件\hs_pdf/虹美菱B(200521.SZ)/年度报告/虹美菱B(200521.SZ)_2018-03-30.pdf
200521,虹美菱B,E:\项目汇总\1---getPDF\PDF文件\hs_pdf/虹美菱B(200521.SZ)/年度报告/虹美菱B(200521.SZ)_2018-05-31.pdf
200521,虹美菱B,E:\项目汇总\1---getPDF\PDF文件\hs_pdf/虹美菱B(200521.SZ)/年度报告/虹美菱B(200521.SZ)_2019-03-29.pdf
300627,华测导航,E:\项目汇总\1---getPDF\PDF文件\hs_pdf/华测导航(300627.SZ)/年度报告/华测导航(300627.SZ)_2018-04-10.pdf
300627,华测导航,E:\项目汇总\1---getPDF\PDF文件\hs_pdf/华测导航(300627.SZ)/年度报告/华测导航(300627.SZ)_2019-04-20.pdf
300133,华策影视,E:\项目汇总\1---getPDF\PDF文件\hs_pdf/华策影视(300133.SZ)/年度报告/华策影视(300133.SZ)_2017-04-25.pdf
300133,华策影视,E:\项目汇总\1---getPDF\PDF文件\hs_pdf/华策影视(300133.SZ)/年度报告/华策影视(300133.SZ)_2018-04-23.pdf
300133,华策影视,E:\项目汇总\1---getPDF\PDF文件\hs_pdf/华策影视(300133.SZ)/年度报告/华策影视(300133.SZ)_2019-04-26.pdf
002007,华兰生物,E:\项目汇总\1---getPDF\PDF文件\hs_pdf/华兰生物(002007.SZ)/年度报告/华兰生物(002007.SZ)_2017-03-28.pdf
002007,华兰生物,E:\项目汇总\1---getPDF\PDF文件\hs_pdf/华兰生物(002007.SZ)/年度报告/华兰生物(002007.SZ)_2018-03-27.pdf
002007,华兰生物,E:\项目汇总\1---getPDF\PDF文件\hs_pdf/华兰生物(002007.SZ)/年度报告/华兰生物(002007.SZ)_2019-03-29.pdf
000069,华侨城Ａ,E:\项目汇总\1---getPDF\PDF文件\hs_pdf/华侨城Ａ(000069.SZ)/年度报告/华侨城Ａ(000069.SZ)_2016-04-23.pdf
000069,华侨城Ａ,E:\项目汇总\1---getPDF\PDF文件\hs_pdf/华侨城Ａ(000069.SZ)/年度报告/华侨城Ａ(000069.SZ)_2017-04-08.pdf
000069,华侨城Ａ,E:\项目汇总\1---getPDF\PDF文件\hs_pdf/华侨城Ａ(000069.SZ)/年度报告/华侨城Ａ(000069.SZ)_2018-04-27.pdf
000069,华侨城Ａ,E:\项目汇总\1---getPDF\PDF文件\hs_pdf/华侨城Ａ(000069.SZ)/年度报告/华侨城Ａ(000069.SZ)_2019-03-30.pdf
002453,华软科技,E:\项目汇总\1---getPDF\PDF文件\hs_pdf/华软科技(002453.SZ)/年度报告/华软科技(002453.SZ)_2016-04-08.pdf
002453,华软科技,E:\项目汇总\1---getPDF\PDF文件\hs_pdf/华软科技(002453.SZ)/年度报告/华软科技(002453.SZ)_2017-04-13.pdf
002453,华软科技,E:\项目汇总\1---getPDF\PDF文件\hs_pdf/华软科技(002453.SZ)/年度报告/华软科技(002453.SZ)_2018-04-18.pdf
002453,华软科技,E:\项目汇总\1---getPDF\PDF文件\hs_pdf/华软科技(002453.SZ)/年度报告/华软科技(002453.SZ)_2019-04-19.pdf
300626,华瑞股份,E:\项目汇总\1---getPDF\PDF文件\hs_pdf/华瑞股份(300626.SZ)/年度报告/华瑞股份(300626.SZ)_2018-04-17.pdf
300626,华瑞股份,E:\项目汇总\1---getPDF\PDF文件\hs_pdf/华瑞股份(300626.SZ)/年度报告/华瑞股份(300626.SZ)_2019-04-23.pdf
002907,华森制药,E:\项目汇总\1---getPDF\PDF文件\hs_pdf/华森制药(002907.SZ)/年度报告/华森制药(002907.SZ)_2018-04-23.pdf
002907,华森制药,E:\项目汇总\1---getPDF\PDF文件\hs_pdf/华森制药(002907.SZ)/年度报告/华森制药(002907.SZ)_2019-03-30.pdf
300717,华信新材,E:\项目汇总\1---getPDF\PDF文件\hs_pdf/华信新材(300717.SZ)/年度报告/华信新材(300717.SZ)_2018-03-28.pdf
300717,华信新材,E:\项目汇总\1---getPDF\PDF文件\hs_pdf/华信新材(300717.SZ)/年度报告/华信新材(300717.SZ)_2019-04-11.pdf
300561,汇金科技,E:\项目汇总\1---getPDF\PDF文件\hs_pdf/汇金科技(300561.SZ)/年度报告/汇金科技(300561.SZ)_2018-04-24.pdf
300561,汇金科技,E:\项目汇总\1---getPDF\PDF文件\hs_pdf/汇金科技(300561.SZ)/年度报告/汇金科技(300561.SZ)_2019-04-26.pdf
002888,惠威科技,E:\项目汇总\1---getPDF\PDF文件\hs_pdf/惠威科技(002888.SZ)/年度报告/惠威科技(002888.SZ)_2018-03-30.pdf
002888,惠威科技,E:\项目汇总\1---getPDF\PDF文件\hs_pdf/惠威科技(002888.SZ)/年度报告/惠威科技(002888.SZ)_2019-03-30.pdf
002803,吉宏股份,E:\项目汇总\1---getPDF\PDF文件\hs_pdf/吉宏股份(002803.SZ)/年度报告/吉宏股份(002803.SZ)_2017-03-31.pdf
002803,吉宏股份,E:\项目汇总\1---getPDF\PDF文件\hs_pdf/吉宏股份(002803.SZ)/年度报告/吉宏股份(002803.SZ)_2018-04-04.pdf
002803,吉宏股份,E:\项目汇总\1---getPDF\PDF文件\hs_pdf/吉宏股份(002803.SZ)/年度报告/吉宏股份(002803.SZ)_2019-04-29.pdf
002803,吉宏股份,E:\项目汇总\1---getPDF\PDF文件\hs_pdf/吉宏股份(002803.SZ)/年度报告/吉宏股份(002803.SZ)_2019-05-21.pdf
002909,集泰股份,E:\项目汇总\1---getPDF\PDF文件\hs_pdf/集泰股份(002909.SZ)/年度报告/集泰股份(002909.SZ)_2018-04-26.pdf
002909,集泰股份,E:\项目汇总\1---getPDF\PDF文件\hs_pdf/集泰股份(002909.SZ)/年度报告/集泰股份(002909.SZ)_2019-04-29.pdf
300675,建科院,E:\项目汇总\1---getPDF\PDF文件\hs_pdf/建科院(300675.SZ)/年度报告/建科院(300675.SZ)_2018-04-23.pdf
300675,建科院,E:\项目汇总\1---getPDF\PDF文件\hs_pdf/建科院(300675.SZ)/年度报告/建科院(300675.SZ)_2019-03-29.pdf
300666,江丰电子,E:\项目汇总\1---getPDF\PDF文件\hs_pdf/江丰电子(300666.SZ)/年度报告/江丰电子(300666.SZ)_2018-04-23.pdf
300666,江丰电子,E:\项目汇总\1---getPDF\PDF文件\hs_pdf/江丰电子(300666.SZ)/年度报告/江丰电子(300666.SZ)_2019-04-26.pdf
300668,杰恩设计,E:\项目汇总\1---getPDF\PDF文件\hs_pdf/杰恩设计(300668.SZ)/年度报告/杰恩设计(300668.SZ)_2018-04-17.pdf
300668,杰恩设计,E:\项目汇总\1---getPDF\PDF文件\hs_pdf/杰恩设计(300668.SZ)/年度报告/杰恩设计(300668.SZ)_2019-04-09.pdf
002859,洁美科技,E:\项目汇总\1---getPDF\PDF文件\hs_pdf/洁美科技(002859.SZ)/年度报告/洁美科技(002859.SZ)_2018-02-27.pdf
002859,洁美科技,E:\项目汇总\1---getPDF\PDF文件\hs_pdf/洁美科技(002859.SZ)/年度报告/洁美科技(002859.SZ)_2018-02-28.pdf
002859,洁美科技,E:\项目汇总\1---getPDF\PDF文件\hs_pdf/洁美科技(002859.SZ)/年度报告/洁美科技(002859.SZ)_2019-03-16.pdf
002855,捷荣技术,E:\项目汇总\1---getPDF\PDF文件\hs_pdf/捷荣技术(002855.SZ)/年度报告/捷荣技术(002855.SZ)_2018-04-25.pdf
002855,捷荣技术,E:\项目汇总\1---getPDF\PDF文件\hs_pdf/捷荣技术(002855.SZ)/年度报告/捷荣技术(002855.SZ)_2019-04-27.pdf
002863,今飞凯达,E:\项目汇总\1---getPDF\PDF文件\hs_pdf/今飞凯达(002863.SZ)/年度报告/今飞凯达(002863.SZ)_2018-03-20.pdf
002863,今飞凯达,E:\项目汇总\1---getPDF\PDF文件\hs_pdf/今飞凯达(002863.SZ)/年度报告/今飞凯达(002863.SZ)_2019-04-23.pdf
002917,金奥博,E:\项目汇总\1---getPDF\PDF文件\hs_pdf/金奥博(002917.SZ)/年度报告/金奥博(002917.SZ)_2018-03-30.pdf
002917,金奥博,E:\项目汇总\1---getPDF\PDF文件\hs_pdf/金奥博(002917.SZ)/年度报告/金奥博(002917.SZ)_2019-04-12.pdf
002202,金风科技,E:\项目汇总\1---getPDF\PDF文件\hs_pdf/金风科技(002202.SZ)/年度报告/金风科技(002202.SZ)_2017-03-30.pdf
002202,金风科技,E:\项目汇总\1---getPDF\PDF文件\hs_pdf/金风科技(002202.SZ)/年度报告/金风科技(002202.SZ)_2018-03-24.pdf
002202,金风科技,E:\项目汇总\1---getPDF\PDF文件\hs_pdf/金风科技(002202.SZ)/年度报告/金风科技(002202.SZ)_2019-03-30.pdf
002882,金龙羽,E:\项目汇总\1---getPDF\PDF文件\hs_pdf/金龙羽(002882.SZ)/年度报告/金龙羽(002882.SZ)_2018-03-24.pdf
002882,金龙羽,E:\项目汇总\1---getPDF\PDF文件\hs_pdf/金龙羽(002882.SZ)/年度报告/金龙羽(002882.SZ)_2019-04-13.pdf
300606,金太阳,E:\项目汇总\1---getPDF\PDF文件\hs_pdf/金太阳(300606.SZ)/年度报告/金太阳(300606.SZ)_2017-04-20.pdf
300606,金太阳,E:\项目汇总\1---getPDF\PDF文件\hs_pdf/金太阳(300606.SZ)/年度报告/金太阳(300606.SZ)_2018-04-20.pdf
300606,金太阳,E:\项目汇总\1---getPDF\PDF文件\hs_pdf/金太阳(300606.SZ)/年度报告/金太阳(300606.SZ)_2019-04-25.pdf
002869,金溢科技,E:\项目汇总\1---getPDF\PDF文件\hs_pdf/金溢科技(002869.SZ)/年度报告/金溢科技(002869.SZ)_2018-04-25.pdf
002869,金溢科技,E:\项目汇总\1---getPDF\PDF文件\hs_pdf/金溢科技(002869.SZ)/年度报告/金溢科技(002869.SZ)_2019-04-26.pdf
300619,金银河,E:\项目汇总\1---getPDF\PDF文件\hs_pdf/金银河(300619.SZ)/年度报告/金银河(300619.SZ)_2018-03-30.pdf
300619,金银河,E:\项目汇总\1---getPDF\PDF文件\hs_pdf/金银河(300619.SZ)/年度报告/金银河(300619.SZ)_2019-01-22.pdf
000546,金圆股份,E:\项目汇总\1---getPDF\PDF文件\hs_pdf/金圆股份(000546.SZ)/年度报告/金圆股份(000546.SZ)_2016-04-30.pdf
000546,金圆股份,E:\项目汇总\1---getPDF\PDF文件\hs_pdf/金圆股份(000546.SZ)/年度报告/金圆股份(000546.SZ)_2017-04-08.pdf
000546,金圆股份,E:\项目汇总\1---getPDF\PDF文件\hs_pdf/金圆股份(000546.SZ)/年度报告/金圆股份(000546.SZ)_2018-04-17.pdf
000546,金圆股份,E:\项目汇总\1---getPDF\PDF文件\hs_pdf/金圆股份(000546.SZ)/年度报告/金圆股份(000546.SZ)_2018-04-27.pdf
000546,金圆股份,E:\项目汇总\1---getPDF\PDF文件\hs_pdf/金圆股份(000546.SZ)/年度报告/金圆股份(000546.SZ)_2019-04-27.pdf
002885,京泉华,E:\项目汇总\1---getPDF\PDF文件\hs_pdf/京泉华(002885.SZ)/年度报告/京泉华(002885.SZ)_2018-04-21.pdf
002885,京泉华,E:\项目汇总\1---getPDF\PDF文件\hs_pdf/京泉华(002885.SZ)/年度报告/京泉华(002885.SZ)_2019-04-20.pdf
300655,晶瑞股份,E:\项目汇总\1---getPDF\PDF文件\hs_pdf/晶瑞股份(300655.SZ)/年度报告/晶瑞股份(300655.SZ)_2018-03-27.pdf
300655,晶瑞股份,E:\项目汇总\1---getPDF\PDF文件\hs_pdf/晶瑞股份(300655.SZ)/年度报告/晶瑞股份(300655.SZ)_2019-04-02.pdf
300705,九典制药,E:\项目汇总\1---getPDF\PDF文件\hs_pdf/九典制药(300705.SZ)/年度报告/九典制药(300705.SZ)_2018-03-29.pdf
300705,九典制药,E:\项目汇总\1---getPDF\PDF文件\hs_pdf/九典制药(300705.SZ)/年度报告/九典制药(300705.SZ)_2019-04-12.pdf
300708,聚灿光电,E:\项目汇总\1---getPDF\PDF文件\hs_pdf/聚灿光电(300708.SZ)/年度报告/聚灿光电(300708.SZ)_2018-03-28.pdf
300708,聚灿光电,E:\项目汇总\1---getPDF\PDF文件\hs_pdf/聚灿光电(300708.SZ)/年度报告/聚灿光电(300708.SZ)_2019-04-16.pdf
002865,钧达股份,E:\项目汇总\1---getPDF\PDF文件\hs_pdf/钧达股份(002865.SZ)/年度报告/钧达股份(002865.SZ)_2018-03-24.pdf
002865,钧达股份,E:\项目汇总\1---getPDF\PDF文件\hs_pdf/钧达股份(002865.SZ)/年度报告/钧达股份(002865.SZ)_2019-04-27.pdf
300715,凯伦股份,E:\项目汇总\1---getPDF\PDF文件\hs_pdf/凯伦股份(300715.SZ)/年度报告/凯伦股份(300715.SZ)_2018-03-13.pdf
300715,凯伦股份,E:\项目汇总\1---getPDF\PDF文件\hs_pdf/凯伦股份(300715.SZ)/年度报告/凯伦股份(300715.SZ)_2018-04-23.pdf
300715,凯伦股份,E:\项目汇总\1---getPDF\PDF文件\hs_pdf/凯伦股份(300715.SZ)/年度报告/凯伦股份(300715.SZ)_2018-10-17.pdf
300715,凯伦股份,E:\项目汇总\1---getPDF\PDF文件\hs_pdf/凯伦股份(300715.SZ)/年度报告/凯伦股份(300715.SZ)_2019-03-29.pdf
300639,凯普生物,E:\项目汇总\1---getPDF\PDF文件\hs_pdf/凯普生物(300639.SZ)/年度报告/凯普生物(300639.SZ)_2018-03-31.pdf
300639,凯普生物,E:\项目汇总\1---getPDF\PDF文件\hs_pdf/凯普生物(300639.SZ)/年度报告/凯普生物(300639.SZ)_2019-03-29.pdf
002517,恺英网络,E:\项目汇总\1---getPDF\PDF文件\hs_pdf/恺英网络(002517.SZ)/年度报告/恺英网络(002517.SZ)_2016-04-16.pdf
002517,恺英网络,E:\项目汇总\1---getPDF\PDF文件\hs_pdf/恺英网络(002517.SZ)/年度报告/恺英网络(002517.SZ)_2017-03-21.pdf
002517,恺英网络,E:\项目汇总\1---getPDF\PDF文件\hs_pdf/恺英网络(002517.SZ)/年度报告/恺英网络(002517.SZ)_2018-04-25.pdf
002517,恺英网络,E:\项目汇总\1---getPDF\PDF文件\hs_pdf/恺英网络(002517.SZ)/年度报告/恺英网络(002517.SZ)_2019-04-29.pdf
002517,恺英网络,E:\项目汇总\1---getPDF\PDF文件\hs_pdf/恺英网络(002517.SZ)/年度报告/恺英网络(002517.SZ)_2019-06-22.pdf
300731,科创新源,E:\项目汇总\1---getPDF\PDF文件\hs_pdf/科创新源(300731.SZ)/年度报告/科创新源(300731.SZ)_2018-04-13.pdf
300731,科创新源,E:\项目汇总\1---getPDF\PDF文件\hs_pdf/科创新源(300731.SZ)/年度报告/科创新源(300731.SZ)_2019-04-26.pdf
300730,科创信息,E:\项目汇总\1---getPDF\PDF文件\hs_pdf/科创信息(300730.SZ)/年度报告/科创信息(300730.SZ)_2018-04-23.pdf
300730,科创信息,E:\项目汇总\1---getPDF\PDF文件\hs_pdf/科创信息(300730.SZ)/年度报告/科创信息(300730.SZ)_2019-04-20.pdf
002850,科达利,E:\项目汇总\1---getPDF\PDF文件\hs_pdf/科达利(002850.SZ)/年度报告/科达利(002850.SZ)_2018-04-13.pdf
002850,科达利,E:\项目汇总\1---getPDF\PDF文件\hs_pdf/科达利(002850.SZ)/年度报告/科达利(002850.SZ)_2019-04-13.pdf
002892,科力尔,E:\项目汇总\1---getPDF\PDF文件\hs_pdf/科力尔(002892.SZ)/年度报告/科力尔(002892.SZ)_2018-04-26.pdf
002892,科力尔,E:\项目汇总\1---getPDF\PDF文件\hs_pdf/科力尔(002892.SZ)/年度报告/科力尔(002892.SZ)_2019-04-25.pdf
300662,科锐国际,E:\项目汇总\1---getPDF\PDF文件\hs_pdf/科锐国际(300662.SZ)/年度报告/科锐国际(300662.SZ)_2018-04-12.pdf
300662,科锐国际,E:\项目汇总\1---getPDF\PDF文件\hs_pdf/科锐国际(300662.SZ)/年度报告/科锐国际(300662.SZ)_2019-04-23.pdf
300737,科顺股份,E:\项目汇总\1---getPDF\PDF文件\hs_pdf/科顺股份(300737.SZ)/年度报告/科顺股份(300737.SZ)_2018-04-20.pdf
300737,科顺股份,E:\项目汇总\1---getPDF\PDF文件\hs_pdf/科顺股份(300737.SZ)/年度报告/科顺股份(300737.SZ)_2019-04-26.pdf
002774,快意电梯,E:\项目汇总\1---getPDF\PDF文件\hs_pdf/快意电梯(002774.SZ)/年度报告/快意电梯(002774.SZ)_2018-04-24.pdf
002774,快意电梯,E:\项目汇总\1---getPDF\PDF文件\hs_pdf/快意电梯(002774.SZ)/年度报告/快意电梯(002774.SZ)_2019-03-29.pdf
300682,朗新科技,E:\项目汇总\1---getPDF\PDF文件\hs_pdf/朗新科技(300682.SZ)/年度报告/朗新科技(300682.SZ)_2018-03-30.pdf
300682,朗新科技,E:\项目汇总\1---getPDF\PDF文件\hs_pdf/朗新科技(300682.SZ)/年度报告/朗新科技(300682.SZ)_2018-06-06.pdf
300682,朗新科技,E:\项目汇总\1---getPDF\PDF文件\hs_pdf/朗新科技(300682.SZ)/年度报告/朗新科技(300682.SZ)_2019-04-01.pdf
300175,朗源股份,E:\项目汇总\1---getPDF\PDF文件\hs_pdf/朗源股份(300175.SZ)/年度报告/朗源股份(300175.SZ)_2016-02-26.pdf
300175,朗源股份,E:\项目汇总\1---getPDF\PDF文件\hs_pdf/朗源股份(300175.SZ)/年度报告/朗源股份(300175.SZ)_2017-03-25.pdf
300175,朗源股份,E:\项目汇总\1---getPDF\PDF文件\hs_pdf/朗源股份(300175.SZ)/年度报告/朗源股份(300175.SZ)_2018-04-25.pdf
300175,朗源股份,E:\项目汇总\1---getPDF\PDF文件\hs_pdf/朗源股份(300175.SZ)/年度报告/朗源股份(300175.SZ)_2019-04-26.pdf
300729,乐歌股份,E:\项目汇总\1---getPDF\PDF文件\hs_pdf/乐歌股份(300729.SZ)/年度报告/乐歌股份(300729.SZ)_2018-04-21.pdf
300729,乐歌股份,E:\项目汇总\1---getPDF\PDF文件\hs_pdf/乐歌股份(300729.SZ)/年度报告/乐歌股份(300729.SZ)_2019-04-23.pdf
300652,雷迪克,E:\项目汇总\1---getPDF\PDF文件\hs_pdf/雷迪克(300652.SZ)/年度报告/雷迪克(300652.SZ)_2018-04-25.pdf
300652,雷迪克,E:\项目汇总\1---getPDF\PDF文件\hs_pdf/雷迪克(300652.SZ)/年度报告/雷迪克(300652.SZ)_2019-03-21.pdf
300557,理工光科,E:\项目汇总\1---getPDF\PDF文件\hs_pdf/理工光科(300557.SZ)/年度报告/理工光科(300557.SZ)_2017-03-01.pdf
300557,理工光科,E:\项目汇总\1---getPDF\PDF文件\hs_pdf/理工光科(300557.SZ)/年度报告/理工光科(300557.SZ)_2018-03-10.pdf
300557,理工光科,E:\项目汇总\1---getPDF\PDF文件\hs_pdf/理工光科(300557.SZ)/年度报告/理工光科(300557.SZ)_2019-04-20.pdf
002858,力盛赛车,E:\项目汇总\1---getPDF\PDF文件\hs_pdf/力盛赛车(002858.SZ)/年度报告/力盛赛车(002858.SZ)_2018-04-02.pdf
002858,力盛赛车,E:\项目汇总\1---getPDF\PDF文件\hs_pdf/力盛赛车(002858.SZ)/年度报告/力盛赛车(002858.SZ)_2019-03-29.pdf
300596,利安隆,E:\项目汇总\1---getPDF\PDF文件\hs_pdf/利安隆(300596.SZ)/年度报告/利安隆(300596.SZ)_2017-04-20.pdf
300596,利安隆,E:\项目汇总\1---getPDF\PDF文件\hs_pdf/利安隆(300596.SZ)/年度报告/利安隆(300596.SZ)_2018-03-28.pdf
300596,利安隆,E:\项目汇总\1---getPDF\PDF文件\hs_pdf/利安隆(300596.SZ)/年度报告/利安隆(300596.SZ)_2019-03-26.pdf
002921,联诚精密,E:\项目汇总\1---getPDF\PDF文件\hs_pdf/联诚精密(002921.SZ)/年度报告/联诚精密(002921.SZ)_2018-04-23.pdf
002921,联诚精密,E:\项目汇总\1---getPDF\PDF文件\hs_pdf/联诚精密(002921.SZ)/年度报告/联诚精密(002921.SZ)_2018-05-07.pdf
002921,联诚精密,E:\项目汇总\1---getPDF\PDF文件\hs_pdf/联诚精密(002921.SZ)/年度报告/联诚精密(002921.SZ)_2019-03-29.pdf
300691,联合光电,E:\项目汇总\1---getPDF\PDF文件\hs_pdf/联合光电(300691.SZ)/年度报告/联合光电(300691.SZ)_2018-04-17.pdf
300691,联合光电,E:\项目汇总\1---getPDF\PDF文件\hs_pdf/联合光电(300691.SZ)/年度报告/联合光电(300691.SZ)_2019-04-19.pdf
300691,联合光电,E:\项目汇总\1---getPDF\PDF文件\hs_pdf/联合光电(300691.SZ)/年度报告/联合光电(300691.SZ)_2019-06-06.pdf
000524,岭南控股,E:\项目汇总\1---getPDF\PDF文件\hs_pdf/岭南控股(000524.SZ)/年度报告/岭南控股(000524.SZ)_2016-03-19.pdf
000524,岭南控股,E:\项目汇总\1---getPDF\PDF文件\hs_pdf/岭南控股(000524.SZ)/年度报告/岭南控股(000524.SZ)_2017-03-18.pdf
000524,岭南控股,E:\项目汇总\1---getPDF\PDF文件\hs_pdf/岭南控股(000524.SZ)/年度报告/岭南控股(000524.SZ)_2018-04-18.pdf
000524,岭南控股,E:\项目汇总\1---getPDF\PDF文件\hs_pdf/岭南控股(000524.SZ)/年度报告/岭南控股(000524.SZ)_2019-04-11.pdf
002884,凌霄泵业,E:\项目汇总\1---getPDF\PDF文件\hs_pdf/凌霄泵业(002884.SZ)/年度报告/凌霄泵业(002884.SZ)_2018-04-23.pdf
002884,凌霄泵业,E:\项目汇总\1---getPDF\PDF文件\hs_pdf/凌霄泵业(002884.SZ)/年度报告/凌霄泵业(002884.SZ)_2019-03-19.pdf
300680,隆盛科技,E:\项目汇总\1---getPDF\PDF文件\hs_pdf/隆盛科技(300680.SZ)/年度报告/隆盛科技(300680.SZ)_2018-04-24.pdf
300680,隆盛科技,E:\项目汇总\1---getPDF\PDF文件\hs_pdf/隆盛科技(300680.SZ)/年度报告/隆盛科技(300680.SZ)_2019-04-25.pdf
002813,路畅科技,E:\项目汇总\1---getPDF\PDF文件\hs_pdf/路畅科技(002813.SZ)/年度报告/路畅科技(002813.SZ)_2017-04-27.pdf
002813,路畅科技,E:\项目汇总\1---getPDF\PDF文件\hs_pdf/路畅科技(002813.SZ)/年度报告/路畅科技(002813.SZ)_2018-04-26.pdf
002788,鹭燕医药,E:\项目汇总\1---getPDF\PDF文件\hs_pdf/鹭燕医药(002788.SZ)/年度报告/鹭燕医药(002788.SZ)_2016-04-25.pdf
002788,鹭燕医药,E:\项目汇总\1---getPDF\PDF文件\hs_pdf/鹭燕医药(002788.SZ)/年度报告/鹭燕医药(002788.SZ)_2017-04-18.pdf
002788,鹭燕医药,E:\项目汇总\1---getPDF\PDF文件\hs_pdf/鹭燕医药(002788.SZ)/年度报告/鹭燕医药(002788.SZ)_2018-04-24.pdf
002788,鹭燕医药,E:\项目汇总\1---getPDF\PDF文件\hs_pdf/鹭燕医药(002788.SZ)/年度报告/鹭燕医药(002788.SZ)_2019-04-19.pdf
002868,绿康生化,E:\项目汇总\1---getPDF\PDF文件\hs_pdf/绿康生化(002868.SZ)/年度报告/绿康生化(002868.SZ)_2018-04-20.pdf
002868,绿康生化,E:\项目汇总\1---getPDF\PDF文件\hs_pdf/绿康生化(002868.SZ)/年度报告/绿康生化(002868.SZ)_2019-04-16.pdf
002887,绿茵生态,E:\项目汇总\1---getPDF\PDF文件\hs_pdf/绿茵生态(002887.SZ)/年度报告/绿茵生态(002887.SZ)_2018-04-03.pdf
002887,绿茵生态,E:\项目汇总\1---getPDF\PDF文件\hs_pdf/绿茵生态(002887.SZ)/年度报告/绿茵生态(002887.SZ)_2019-04-03.pdf
000667,美好置业,E:\项目汇总\1---getPDF\PDF文件\hs_pdf/美好置业(000667.SZ)/年度报告/美好置业(000667.SZ)_2017-02-18.pdf
000667,美好置业,E:\项目汇总\1---getPDF\PDF文件\hs_pdf/美好置业(000667.SZ)/年度报告/美好置业(000667.SZ)_2018-04-21.pdf
000667,美好置业,E:\项目汇总\1---getPDF\PDF文件\hs_pdf/美好置业(000667.SZ)/年度报告/美好置业(000667.SZ)_2019-02-28.pdf
300656,民德电子,E:\项目汇总\1---getPDF\PDF文件\hs_pdf/民德电子(300656.SZ)/年度报告/民德电子(300656.SZ)_2018-03-13.pdf
300656,民德电子,E:\项目汇总\1---getPDF\PDF文件\hs_pdf/民德电子(300656.SZ)/年度报告/民德电子(300656.SZ)_2019-04-25.pdf
002919,名臣健康,E:\项目汇总\1---getPDF\PDF文件\hs_pdf/名臣健康(002919.SZ)/年度报告/名臣健康(002919.SZ)_2018-04-20.pdf
002919,名臣健康,E:\项目汇总\1---getPDF\PDF文件\hs_pdf/名臣健康(002919.SZ)/年度报告/名臣健康(002919.SZ)_2019-04-26.pdf
300739,明阳电路,E:\项目汇总\1---getPDF\PDF文件\hs_pdf/明阳电路(300739.SZ)/年度报告/明阳电路(300739.SZ)_2018-04-18.pdf
300739,明阳电路,E:\项目汇总\1---getPDF\PDF文件\hs_pdf/明阳电路(300739.SZ)/年度报告/明阳电路(300739.SZ)_2019-04-18.pdf
002902,铭普光磁,E:\项目汇总\1---getPDF\PDF文件\hs_pdf/铭普光磁(002902.SZ)/年度报告/铭普光磁(002902.SZ)_2018-03-27.pdf
002902,铭普光磁,E:\项目汇总\1---getPDF\PDF文件\hs_pdf/铭普光磁(002902.SZ)/年度报告/铭普光磁(002902.SZ)_2018-06-05.pdf
002902,铭普光磁,E:\项目汇总\1---getPDF\PDF文件\hs_pdf/铭普光磁(002902.SZ)/年度报告/铭普光磁(002902.SZ)_2019-04-02.pdf
000012,南 玻Ａ,E:\项目汇总\1---getPDF\PDF文件\hs_pdf/南 玻Ａ(000012.SZ)/年度报告/南 玻Ａ(000012.SZ)_2016-03-25.pdf
000012,南 玻Ａ,E:\项目汇总\1---getPDF\PDF文件\hs_pdf/南 玻Ａ(000012.SZ)/年度报告/南 玻Ａ(000012.SZ)_2017-04-28.pdf
000012,南 玻Ａ,E:\项目汇总\1---getPDF\PDF文件\hs_pdf/南 玻Ａ(000012.SZ)/年度报告/南 玻Ａ(000012.SZ)_2018-04-23.pdf
000012,南 玻Ａ,E:\项目汇总\1---getPDF\PDF文件\hs_pdf/南 玻Ａ(000012.SZ)/年度报告/南 玻Ａ(000012.SZ)_2018-08-25.pdf
000012,南 玻Ａ,E:\项目汇总\1---getPDF\PDF文件\hs_pdf/南 玻Ａ(000012.SZ)/年度报告/南 玻Ａ(000012.SZ)_2019-04-17.pdf
200012,南 玻Ｂ,E:\项目汇总\1---getPDF\PDF文件\hs_pdf/南 玻Ｂ(200012.SZ)/年度报告/南 玻Ｂ(200012.SZ)_2016-03-25.pdf
200012,南 玻Ｂ,E:\项目汇总\1---getPDF\PDF文件\hs_pdf/南 玻Ｂ(200012.SZ)/年度报告/南 玻Ｂ(200012.SZ)_2017-04-28.pdf
200012,南 玻Ｂ,E:\项目汇总\1---getPDF\PDF文件\hs_pdf/南 玻Ｂ(200012.SZ)/年度报告/南 玻Ｂ(200012.SZ)_2018-04-23.pdf
200012,南 玻Ｂ,E:\项目汇总\1---getPDF\PDF文件\hs_pdf/南 玻Ｂ(200012.SZ)/年度报告/南 玻Ｂ(200012.SZ)_2018-08-25.pdf
200012,南 玻Ｂ,E:\项目汇总\1---getPDF\PDF文件\hs_pdf/南 玻Ｂ(200012.SZ)/年度报告/南 玻Ｂ(200012.SZ)_2019-04-17.pdf
300595,欧普康视,E:\项目汇总\1---getPDF\PDF文件\hs_pdf/欧普康视(300595.SZ)/年度报告/欧普康视(300595.SZ)_2017-03-10.pdf
300595,欧普康视,E:\项目汇总\1---getPDF\PDF文件\hs_pdf/欧普康视(300595.SZ)/年度报告/欧普康视(300595.SZ)_2018-04-10.pdf
300595,欧普康视,E:\项目汇总\1---getPDF\PDF文件\hs_pdf/欧普康视(300595.SZ)/年度报告/欧普康视(300595.SZ)_2019-04-03.pdf
002864,盘龙药业,E:\项目汇总\1---getPDF\PDF文件\hs_pdf/盘龙药业(002864.SZ)/年度报告/盘龙药业(002864.SZ)_2018-04-20.pdf
002864,盘龙药业,E:\项目汇总\1---getPDF\PDF文件\hs_pdf/盘龙药业(002864.SZ)/年度报告/盘龙药业(002864.SZ)_2019-04-29.pdf
300673,佩蒂股份,E:\项目汇总\1---getPDF\PDF文件\hs_pdf/佩蒂股份(300673.SZ)/年度报告/佩蒂股份(300673.SZ)_2018-04-11.pdf
300673,佩蒂股份,E:\项目汇总\1---getPDF\PDF文件\hs_pdf/佩蒂股份(300673.SZ)/年度报告/佩蒂股份(300673.SZ)_2018-05-30.pdf
300673,佩蒂股份,E:\项目汇总\1---getPDF\PDF文件\hs_pdf/佩蒂股份(300673.SZ)/年度报告/佩蒂股份(300673.SZ)_2019-04-10.pdf
300664,鹏鹞环保,E:\项目汇总\1---getPDF\PDF文件\hs_pdf/鹏鹞环保(300664.SZ)/年度报告/鹏鹞环保(300664.SZ)_2018-04-27.pdf
300664,鹏鹞环保,E:\项目汇总\1---getPDF\PDF文件\hs_pdf/鹏鹞环保(300664.SZ)/年度报告/鹏鹞环保(300664.SZ)_2019-04-25.pdf
002853,皮阿诺,E:\项目汇总\1---getPDF\PDF文件\hs_pdf/皮阿诺(002853.SZ)/年度报告/皮阿诺(002853.SZ)_2018-04-27.pdf
002853,皮阿诺,E:\项目汇总\1---getPDF\PDF文件\hs_pdf/皮阿诺(002853.SZ)/年度报告/皮阿诺(002853.SZ)_2019-04-04.pdf
300630,普利制药,E:\项目汇总\1---getPDF\PDF文件\hs_pdf/普利制药(300630.SZ)/年度报告/普利制药(300630.SZ)_2018-04-12.pdf
300630,普利制药,E:\项目汇总\1---getPDF\PDF文件\hs_pdf/普利制药(300630.SZ)/年度报告/普利制药(300630.SZ)_2019-04-02.pdf
002575,群兴玩具,E:\项目汇总\1---getPDF\PDF文件\hs_pdf/群兴玩具(002575.SZ)/年度报告/群兴玩具(002575.SZ)_2016-02-29.pdf
002575,群兴玩具,E:\项目汇总\1---getPDF\PDF文件\hs_pdf/群兴玩具(002575.SZ)/年度报告/群兴玩具(002575.SZ)_2017-03-10.pdf
002575,群兴玩具,E:\项目汇总\1---getPDF\PDF文件\hs_pdf/群兴玩具(002575.SZ)/年度报告/群兴玩具(002575.SZ)_2018-04-20.pdf
002575,群兴玩具,E:\项目汇总\1---getPDF\PDF文件\hs_pdf/群兴玩具(002575.SZ)/年度报告/群兴玩具(002575.SZ)_2019-02-28.pdf
002575,群兴玩具,E:\项目汇总\1---getPDF\PDF文件\hs_pdf/群兴玩具(002575.SZ)/年度报告/群兴玩具(002575.SZ)_2019-03-05.pdf
002647,仁东控股,E:\项目汇总\1---getPDF\PDF文件\hs_pdf/仁东控股(002647.SZ)/年度报告/仁东控股(002647.SZ)_2016-04-30.pdf
002647,仁东控股,E:\项目汇总\1---getPDF\PDF文件\hs_pdf/仁东控股(002647.SZ)/年度报告/仁东控股(002647.SZ)_2017-04-28.pdf
002647,仁东控股,E:\项目汇总\1---getPDF\PDF文件\hs_pdf/仁东控股(002647.SZ)/年度报告/仁东控股(002647.SZ)_2018-04-28.pdf
002647,仁东控股,E:\项目汇总\1---getPDF\PDF文件\hs_pdf/仁东控股(002647.SZ)/年度报告/仁东控股(002647.SZ)_2019-04-25.pdf
300600,瑞特股份,E:\项目汇总\1---getPDF\PDF文件\hs_pdf/瑞特股份(300600.SZ)/年度报告/瑞特股份(300600.SZ)_2017-04-20.pdf
300600,瑞特股份,E:\项目汇总\1---getPDF\PDF文件\hs_pdf/瑞特股份(300600.SZ)/年度报告/瑞特股份(300600.SZ)_2018-04-20.pdf
300600,瑞特股份,E:\项目汇总\1---getPDF\PDF文件\hs_pdf/瑞特股份(300600.SZ)/年度报告/瑞特股份(300600.SZ)_2019-04-20.pdf
002923,润都股份,E:\项目汇总\1---getPDF\PDF文件\hs_pdf/润都股份(002923.SZ)/年度报告/润都股份(002923.SZ)_2018-04-23.pdf
002923,润都股份,E:\项目汇总\1---getPDF\PDF文件\hs_pdf/润都股份(002923.SZ)/年度报告/润都股份(002923.SZ)_2018-05-09.pdf
002923,润都股份,E:\项目汇总\1---getPDF\PDF文件\hs_pdf/润都股份(002923.SZ)/年度报告/润都股份(002923.SZ)_2019-04-23.pdf
300727,润禾材料,E:\项目汇总\1---getPDF\PDF文件\hs_pdf/润禾材料(300727.SZ)/年度报告/润禾材料(300727.SZ)_2018-04-24.pdf
300727,润禾材料,E:\项目汇总\1---getPDF\PDF文件\hs_pdf/润禾材料(300727.SZ)/年度报告/润禾材料(300727.SZ)_2019-04-23.pdf
002898,赛隆药业,E:\项目汇总\1---getPDF\PDF文件\hs_pdf/赛隆药业(002898.SZ)/年度报告/赛隆药业(002898.SZ)_2018-04-23.pdf
002898,赛隆药业,E:\项目汇总\1---getPDF\PDF文件\hs_pdf/赛隆药业(002898.SZ)/年度报告/赛隆药业(002898.SZ)_2019-04-23.pdf
300687,赛意信息,E:\项目汇总\1---getPDF\PDF文件\hs_pdf/赛意信息(300687.SZ)/年度报告/赛意信息(300687.SZ)_2018-04-25.pdf
300687,赛意信息,E:\项目汇总\1---getPDF\PDF文件\hs_pdf/赛意信息(300687.SZ)/年度报告/赛意信息(300687.SZ)_2019-04-25.pdf
300554,三超新材,E:\项目汇总\1---getPDF\PDF文件\hs_pdf/三超新材(300554.SZ)/年度报告/三超新材(300554.SZ)_2018-04-17.pdf
300554,三超新材,E:\项目汇总\1---getPDF\PDF文件\hs_pdf/三超新材(300554.SZ)/年度报告/三超新材(300554.SZ)_2018-06-01.pdf
300554,三超新材,E:\项目汇总\1---getPDF\PDF文件\hs_pdf/三超新材(300554.SZ)/年度报告/三超新材(300554.SZ)_2019-04-17.pdf
300554,三超新材,E:\项目汇总\1---getPDF\PDF文件\hs_pdf/三超新材(300554.SZ)/年度报告/三超新材(300554.SZ)_2019-06-10.pdf
300515,三德科技,E:\项目汇总\1---getPDF\PDF文件\hs_pdf/三德科技(300515.SZ)/年度报告/三德科技(300515.SZ)_2017-03-31.pdf
300515,三德科技,E:\项目汇总\1---getPDF\PDF文件\hs_pdf/三德科技(300515.SZ)/年度报告/三德科技(300515.SZ)_2018-04-24.pdf
300515,三德科技,E:\项目汇总\1---getPDF\PDF文件\hs_pdf/三德科技(300515.SZ)/年度报告/三德科技(300515.SZ)_2019-04-09.pdf
002876,三利谱,E:\项目汇总\1---getPDF\PDF文件\hs_pdf/三利谱(002876.SZ)/年度报告/三利谱(002876.SZ)_2018-04-27.pdf
002876,三利谱,E:\项目汇总\1---getPDF\PDF文件\hs_pdf/三利谱(002876.SZ)/年度报告/三利谱(002876.SZ)_2019-04-19.pdf
002876,三利谱,E:\项目汇总\1---getPDF\PDF文件\hs_pdf/三利谱(002876.SZ)/年度报告/三利谱(002876.SZ)_2019-04-30.pdf
300625,三雄极光,E:\项目汇总\1---getPDF\PDF文件\hs_pdf/三雄极光(300625.SZ)/年度报告/三雄极光(300625.SZ)_2018-04-18.pdf
300625,三雄极光,E:\项目汇总\1---getPDF\PDF文件\hs_pdf/三雄极光(300625.SZ)/年度报告/三雄极光(300625.SZ)_2018-05-11.pdf
300625,三雄极光,E:\项目汇总\1---getPDF\PDF文件\hs_pdf/三雄极光(300625.SZ)/年度报告/三雄极光(300625.SZ)_2019-04-25.pdf
300701,森霸传感,E:\项目汇总\1---getPDF\PDF文件\hs_pdf/森霸传感(300701.SZ)/年度报告/森霸传感(300701.SZ)_2018-03-26.pdf
300701,森霸传感,E:\项目汇总\1---getPDF\PDF文件\hs_pdf/森霸传感(300701.SZ)/年度报告/森霸传感(300701.SZ)_2019-04-23.pdf
300616,尚品宅配,E:\项目汇总\1---getPDF\PDF文件\hs_pdf/尚品宅配(300616.SZ)/年度报告/尚品宅配(300616.SZ)_2018-04-09.pdf
300616,尚品宅配,E:\项目汇总\1---getPDF\PDF文件\hs_pdf/尚品宅配(300616.SZ)/年度报告/尚品宅配(300616.SZ)_2019-04-20.pdf
300732,设研院,E:\项目汇总\1---getPDF\PDF文件\hs_pdf/设研院(300732.SZ)/年度报告/设研院(300732.SZ)_2018-04-18.pdf
300732,设研院,E:\项目汇总\1---getPDF\PDF文件\hs_pdf/设研院(300732.SZ)/年度报告/设研院(300732.SZ)_2019-03-29.pdf
002468,申通快递,E:\项目汇总\1---getPDF\PDF文件\hs_pdf/申通快递(002468.SZ)/年度报告/申通快递(002468.SZ)_2016-03-02.pdf
002468,申通快递,E:\项目汇总\1---getPDF\PDF文件\hs_pdf/申通快递(002468.SZ)/年度报告/申通快递(002468.SZ)_2017-04-18.pdf
002468,申通快递,E:\项目汇总\1---getPDF\PDF文件\hs_pdf/申通快递(002468.SZ)/年度报告/申通快递(002468.SZ)_2018-04-26.pdf
002468,申通快递,E:\项目汇总\1---getPDF\PDF文件\hs_pdf/申通快递(002468.SZ)/年度报告/申通快递(002468.SZ)_2019-04-10.pdf
300540,深冷股份,E:\项目汇总\1---getPDF\PDF文件\hs_pdf/深冷股份(300540.SZ)/年度报告/深冷股份(300540.SZ)_2017-04-13.pdf
300540,深冷股份,E:\项目汇总\1---getPDF\PDF文件\hs_pdf/深冷股份(300540.SZ)/年度报告/深冷股份(300540.SZ)_2018-04-25.pdf
300540,深冷股份,E:\项目汇总\1---getPDF\PDF文件\hs_pdf/深冷股份(300540.SZ)/年度报告/深冷股份(300540.SZ)_2019-04-20.pdf
002916,深南电路,E:\项目汇总\1---getPDF\PDF文件\hs_pdf/深南电路(002916.SZ)/年度报告/深南电路(002916.SZ)_2018-03-13.pdf
002916,深南电路,E:\项目汇总\1---getPDF\PDF文件\hs_pdf/深南电路(002916.SZ)/年度报告/深南电路(002916.SZ)_2019-03-13.pdf
000062,深圳华强,E:\项目汇总\1---getPDF\PDF文件\hs_pdf/深圳华强(000062.SZ)/年度报告/深圳华强(000062.SZ)_2016-03-18.pdf
000062,深圳华强,E:\项目汇总\1---getPDF\PDF文件\hs_pdf/深圳华强(000062.SZ)/年度报告/深圳华强(000062.SZ)_2017-03-09.pdf
000062,深圳华强,E:\项目汇总\1---getPDF\PDF文件\hs_pdf/深圳华强(000062.SZ)/年度报告/深圳华强(000062.SZ)_2018-03-23.pdf
000062,深圳华强,E:\项目汇总\1---getPDF\PDF文件\hs_pdf/深圳华强(000062.SZ)/年度报告/深圳华强(000062.SZ)_2019-03-28.pdf
000017,深中华A,E:\项目汇总\1---getPDF\PDF文件\hs_pdf/深中华A(000017.SZ)/年度报告/深中华A(000017.SZ)_2016-04-25.pdf
000017,深中华A,E:\项目汇总\1---getPDF\PDF文件\hs_pdf/深中华A(000017.SZ)/年度报告/深中华A(000017.SZ)_2017-04-27.pdf
000017,深中华A,E:\项目汇总\1---getPDF\PDF文件\hs_pdf/深中华A(000017.SZ)/年度报告/深中华A(000017.SZ)_2018-04-18.pdf
000017,深中华A,E:\项目汇总\1---getPDF\PDF文件\hs_pdf/深中华A(000017.SZ)/年度报告/深中华A(000017.SZ)_2019-04-20.pdf
200017,深中华B,E:\项目汇总\1---getPDF\PDF文件\hs_pdf/深中华B(200017.SZ)/年度报告/深中华B(200017.SZ)_2016-04-25.pdf
200017,深中华B,E:\项目汇总\1---getPDF\PDF文件\hs_pdf/深中华B(200017.SZ)/年度报告/深中华B(200017.SZ)_2017-04-27.pdf
200017,深中华B,E:\项目汇总\1---getPDF\PDF文件\hs_pdf/深中华B(200017.SZ)/年度报告/深中华B(200017.SZ)_2018-04-18.pdf
200017,深中华B,E:\项目汇总\1---getPDF\PDF文件\hs_pdf/深中华B(200017.SZ)/年度报告/深中华B(200017.SZ)_2019-04-20.pdf
200018,神城B退,E:\项目汇总\1---getPDF\PDF文件\hs_pdf/神城B退(200018.SZ)/年度报告/神城B退(200018.SZ)_2016-04-15.pdf
200018,神城B退,E:\项目汇总\1---getPDF\PDF文件\hs_pdf/神城B退(200018.SZ)/年度报告/神城B退(200018.SZ)_2017-04-28.pdf
200018,神城B退,E:\项目汇总\1---getPDF\PDF文件\hs_pdf/神城B退(200018.SZ)/年度报告/神城B退(200018.SZ)_2018-04-25.pdf
200018,神城B退,E:\项目汇总\1---getPDF\PDF文件\hs_pdf/神城B退(200018.SZ)/年度报告/神城B退(200018.SZ)_2018-08-15.pdf
200018,神城B退,E:\项目汇总\1---getPDF\PDF文件\hs_pdf/神城B退(200018.SZ)/年度报告/神城B退(200018.SZ)_2019-04-30.pdf
200018,神城B退,E:\项目汇总\1---getPDF\PDF文件\hs_pdf/神城B退(200018.SZ)/年度报告/神城B退(200018.SZ)_2019-07-04.pdf
000008,神州高铁,E:\项目汇总\1---getPDF\PDF文件\hs_pdf/神州高铁(000008.SZ)/年度报告/神州高铁(000008.SZ)_2016-04-27.pdf
000008,神州高铁,E:\项目汇总\1---getPDF\PDF文件\hs_pdf/神州高铁(000008.SZ)/年度报告/神州高铁(000008.SZ)_2017-04-01.pdf
000008,神州高铁,E:\项目汇总\1---getPDF\PDF文件\hs_pdf/神州高铁(000008.SZ)/年度报告/神州高铁(000008.SZ)_2018-04-26.pdf
000008,神州高铁,E:\项目汇总\1---getPDF\PDF文件\hs_pdf/神州高铁(000008.SZ)/年度报告/神州高铁(000008.SZ)_2019-04-25.pdf
002095,生 意 宝,E:\项目汇总\1---getPDF\PDF文件\hs_pdf/生 意 宝(002095.SZ)/年度报告/生 意 宝(002095.SZ)_2016-04-26.pdf
002095,生 意 宝,E:\项目汇总\1---getPDF\PDF文件\hs_pdf/生 意 宝(002095.SZ)/年度报告/生 意 宝(002095.SZ)_2019-04-27.pdf
300661,圣邦股份,E:\项目汇总\1---getPDF\PDF文件\hs_pdf/圣邦股份(300661.SZ)/年度报告/圣邦股份(300661.SZ)_2018-04-23.pdf
300661,圣邦股份,E:\项目汇总\1---getPDF\PDF文件\hs_pdf/圣邦股份(300661.SZ)/年度报告/圣邦股份(300661.SZ)_2019-04-25.pdf
300518,盛讯达,E:\项目汇总\1---getPDF\PDF文件\hs_pdf/盛讯达(300518.SZ)/年度报告/盛讯达(300518.SZ)_2017-03-16.pdf
300518,盛讯达,E:\项目汇总\1---getPDF\PDF文件\hs_pdf/盛讯达(300518.SZ)/年度报告/盛讯达(300518.SZ)_2018-04-25.pdf
300518,盛讯达,E:\项目汇总\1---getPDF\PDF文件\hs_pdf/盛讯达(300518.SZ)/年度报告/盛讯达(300518.SZ)_2019-04-26.pdf
300518,盛讯达,E:\项目汇总\1---getPDF\PDF文件\hs_pdf/盛讯达(300518.SZ)/年度报告/盛讯达(300518.SZ)_2019-04-29.pdf
002862,实丰文化,E:\项目汇总\1---getPDF\PDF文件\hs_pdf/实丰文化(002862.SZ)/年度报告/实丰文化(002862.SZ)_2018-03-24.pdf
002862,实丰文化,E:\项目汇总\1---getPDF\PDF文件\hs_pdf/实丰文化(002862.SZ)/年度报告/实丰文化(002862.SZ)_2019-04-25.pdf
300654,世纪天鸿,E:\项目汇总\1---getPDF\PDF文件\hs_pdf/世纪天鸿(300654.SZ)/年度报告/世纪天鸿(300654.SZ)_2018-04-21.pdf
300654,世纪天鸿,E:\项目汇总\1---getPDF\PDF文件\hs_pdf/世纪天鸿(300654.SZ)/年度报告/世纪天鸿(300654.SZ)_2019-04-25.pdf
300650,太龙照明,E:\项目汇总\1---getPDF\PDF文件\hs_pdf/太龙照明(300650.SZ)/年度报告/太龙照明(300650.SZ)_2018-03-06.pdf
300650,太龙照明,E:\项目汇总\1---getPDF\PDF文件\hs_pdf/太龙照明(300650.SZ)/年度报告/太龙照明(300650.SZ)_2019-04-23.pdf
000652,泰达股份,E:\项目汇总\1---getPDF\PDF文件\hs_pdf/泰达股份(000652.SZ)/年度报告/泰达股份(000652.SZ)_2017-04-12.pdf
000652,泰达股份,E:\项目汇总\1---getPDF\PDF文件\hs_pdf/泰达股份(000652.SZ)/年度报告/泰达股份(000652.SZ)_2018-03-15.pdf
000652,泰达股份,E:\项目汇总\1---getPDF\PDF文件\hs_pdf/泰达股份(000652.SZ)/年度报告/泰达股份(000652.SZ)_2019-03-20.pdf
000652,泰达股份,E:\项目汇总\1---getPDF\PDF文件\hs_pdf/泰达股份(000652.SZ)/年度报告/泰达股份(000652.SZ)_2019-04-25.pdf
002843,泰嘉股份,E:\项目汇总\1---getPDF\PDF文件\hs_pdf/泰嘉股份(002843.SZ)/年度报告/泰嘉股份(002843.SZ)_2017-04-07.pdf
002843,泰嘉股份,E:\项目汇总\1---getPDF\PDF文件\hs_pdf/泰嘉股份(002843.SZ)/年度报告/泰嘉股份(002843.SZ)_2018-04-24.pdf
002843,泰嘉股份,E:\项目汇总\1---getPDF\PDF文件\hs_pdf/泰嘉股份(002843.SZ)/年度报告/泰嘉股份(002843.SZ)_2019-03-19.pdf
002134,天津普林,E:\项目汇总\1---getPDF\PDF文件\hs_pdf/天津普林(002134.SZ)/年度报告/天津普林(002134.SZ)_2017-04-28.pdf
002134,天津普林,E:\项目汇总\1---getPDF\PDF文件\hs_pdf/天津普林(002134.SZ)/年度报告/天津普林(002134.SZ)_2018-03-31.pdf
002134,天津普林,E:\项目汇总\1---getPDF\PDF文件\hs_pdf/天津普林(002134.SZ)/年度报告/天津普林(002134.SZ)_2019-04-13.pdf
300165,天瑞仪器,E:\项目汇总\1---getPDF\PDF文件\hs_pdf/天瑞仪器(300165.SZ)/年度报告/天瑞仪器(300165.SZ)_2016-04-22.pdf
300165,天瑞仪器,E:\项目汇总\1---getPDF\PDF文件\hs_pdf/天瑞仪器(300165.SZ)/年度报告/天瑞仪器(300165.SZ)_2017-04-25.pdf
300165,天瑞仪器,E:\项目汇总\1---getPDF\PDF文件\hs_pdf/天瑞仪器(300165.SZ)/年度报告/天瑞仪器(300165.SZ)_2018-04-23.pdf
300165,天瑞仪器,E:\项目汇总\1---getPDF\PDF文件\hs_pdf/天瑞仪器(300165.SZ)/年度报告/天瑞仪器(300165.SZ)_2019-04-25.pdf
300504,天邑股份,E:\项目汇总\1---getPDF\PDF文件\hs_pdf/天邑股份(300504.SZ)/年度报告/天邑股份(300504.SZ)_2018-04-25.pdf
300504,天邑股份,E:\项目汇总\1---getPDF\PDF文件\hs_pdf/天邑股份(300504.SZ)/年度报告/天邑股份(300504.SZ)_2019-04-12.pdf
300702,天宇股份,E:\项目汇总\1---getPDF\PDF文件\hs_pdf/天宇股份(300702.SZ)/年度报告/天宇股份(300702.SZ)_2018-04-24.pdf
300702,天宇股份,E:\项目汇总\1---getPDF\PDF文件\hs_pdf/天宇股份(300702.SZ)/年度报告/天宇股份(300702.SZ)_2018-05-31.pdf
300702,天宇股份,E:\项目汇总\1---getPDF\PDF文件\hs_pdf/天宇股份(300702.SZ)/年度报告/天宇股份(300702.SZ)_2019-04-24.pdf
300636,同和药业,E:\项目汇总\1---getPDF\PDF文件\hs_pdf/同和药业(300636.SZ)/年度报告/同和药业(300636.SZ)_2018-04-20.pdf
300636,同和药业,E:\项目汇总\1---getPDF\PDF文件\hs_pdf/同和药业(300636.SZ)/年度报告/同和药业(300636.SZ)_2019-04-18.pdf
300642,透景生命,E:\项目汇总\1---getPDF\PDF文件\hs_pdf/透景生命(300642.SZ)/年度报告/透景生命(300642.SZ)_2018-04-19.pdf
300642,透景生命,E:\项目汇总\1---getPDF\PDF文件\hs_pdf/透景生命(300642.SZ)/年度报告/透景生命(300642.SZ)_2019-04-25.pdf
000638,万方发展,E:\项目汇总\1---getPDF\PDF文件\hs_pdf/万方发展(000638.SZ)/年度报告/万方发展(000638.SZ)_2016-06-15.pdf
000638,万方发展,E:\项目汇总\1---getPDF\PDF文件\hs_pdf/万方发展(000638.SZ)/年度报告/万方发展(000638.SZ)_2017-04-28.pdf
000638,万方发展,E:\项目汇总\1---getPDF\PDF文件\hs_pdf/万方发展(000638.SZ)/年度报告/万方发展(000638.SZ)_2018-04-28.pdf
000638,万方发展,E:\项目汇总\1---getPDF\PDF文件\hs_pdf/万方发展(000638.SZ)/年度报告/万方发展(000638.SZ)_2018-06-23.pdf
000638,万方发展,E:\项目汇总\1---getPDF\PDF文件\hs_pdf/万方发展(000638.SZ)/年度报告/万方发展(000638.SZ)_2019-04-30.pdf
000638,万方发展,E:\项目汇总\1---getPDF\PDF文件\hs_pdf/万方发展(000638.SZ)/年度报告/万方发展(000638.SZ)_2019-06-26.pdf
300710,万隆光电,E:\项目汇总\1---getPDF\PDF文件\hs_pdf/万隆光电(300710.SZ)/年度报告/万隆光电(300710.SZ)_2018-04-24.pdf
300710,万隆光电,E:\项目汇总\1---getPDF\PDF文件\hs_pdf/万隆光电(300710.SZ)/年度报告/万隆光电(300710.SZ)_2019-04-25.pdf
300698,万马科技,E:\项目汇总\1---getPDF\PDF文件\hs_pdf/万马科技(300698.SZ)/年度报告/万马科技(300698.SZ)_2018-04-24.pdf
300698,万马科技,E:\项目汇总\1---getPDF\PDF文件\hs_pdf/万马科技(300698.SZ)/年度报告/万马科技(300698.SZ)_2019-04-25.pdf
000789,万年青,E:\项目汇总\1---getPDF\PDF文件\hs_pdf/万年青(000789.SZ)/年度报告/万年青(000789.SZ)_2016-06-15.pdf
000789,万年青,E:\项目汇总\1---getPDF\PDF文件\hs_pdf/万年青(000789.SZ)/年度报告/万年青(000789.SZ)_2017-04-29.pdf
000789,万年青,E:\项目汇总\1---getPDF\PDF文件\hs_pdf/万年青(000789.SZ)/年度报告/万年青(000789.SZ)_2018-03-30.pdf
000789,万年青,E:\项目汇总\1---getPDF\PDF文件\hs_pdf/万年青(000789.SZ)/年度报告/万年青(000789.SZ)_2018-06-14.pdf
000789,万年青,E:\项目汇总\1---getPDF\PDF文件\hs_pdf/万年青(000789.SZ)/年度报告/万年青(000789.SZ)_2019-03-29.pdf
300643,万通智控,E:\项目汇总\1---getPDF\PDF文件\hs_pdf/万通智控(300643.SZ)/年度报告/万通智控(300643.SZ)_2018-04-13.pdf
300643,万通智控,E:\项目汇总\1---getPDF\PDF文件\hs_pdf/万通智控(300643.SZ)/年度报告/万通智控(300643.SZ)_2019-04-20.pdf
300624,万兴科技,E:\项目汇总\1---getPDF\PDF文件\hs_pdf/万兴科技(300624.SZ)/年度报告/万兴科技(300624.SZ)_2018-04-18.pdf
300624,万兴科技,E:\项目汇总\1---getPDF\PDF文件\hs_pdf/万兴科技(300624.SZ)/年度报告/万兴科技(300624.SZ)_2019-03-28.pdf
000581,威孚高科,E:\项目汇总\1---getPDF\PDF文件\hs_pdf/威孚高科(000581.SZ)/年度报告/威孚高科(000581.SZ)_2016-04-19.pdf
000581,威孚高科,E:\项目汇总\1---getPDF\PDF文件\hs_pdf/威孚高科(000581.SZ)/年度报告/威孚高科(000581.SZ)_2017-04-18.pdf
000581,威孚高科,E:\项目汇总\1---getPDF\PDF文件\hs_pdf/威孚高科(000581.SZ)/年度报告/威孚高科(000581.SZ)_2018-04-17.pdf
000581,威孚高科,E:\项目汇总\1---getPDF\PDF文件\hs_pdf/威孚高科(000581.SZ)/年度报告/威孚高科(000581.SZ)_2019-04-23.pdf
300707,威唐工业,E:\项目汇总\1---getPDF\PDF文件\hs_pdf/威唐工业(300707.SZ)/年度报告/威唐工业(300707.SZ)_2018-04-21.pdf
300707,威唐工业,E:\项目汇总\1---getPDF\PDF文件\hs_pdf/威唐工业(300707.SZ)/年度报告/威唐工业(300707.SZ)_2019-04-25.pdf
002849,威星智能,E:\项目汇总\1---getPDF\PDF文件\hs_pdf/威星智能(002849.SZ)/年度报告/威星智能(002849.SZ)_2018-04-25.pdf
002849,威星智能,E:\项目汇总\1---getPDF\PDF文件\hs_pdf/威星智能(002849.SZ)/年度报告/威星智能(002849.SZ)_2019-04-26.pdf
002871,伟隆股份,E:\项目汇总\1---getPDF\PDF文件\hs_pdf/伟隆股份(002871.SZ)/年度报告/伟隆股份(002871.SZ)_2018-04-25.pdf
002871,伟隆股份,E:\项目汇总\1---getPDF\PDF文件\hs_pdf/伟隆股份(002871.SZ)/年度报告/伟隆股份(002871.SZ)_2018-05-04.pdf
002871,伟隆股份,E:\项目汇总\1---getPDF\PDF文件\hs_pdf/伟隆股份(002871.SZ)/年度报告/伟隆股份(002871.SZ)_2019-04-25.pdf
002880,卫光生物,E:\项目汇总\1---getPDF\PDF文件\hs_pdf/卫光生物(002880.SZ)/年度报告/卫光生物(002880.SZ)_2018-03-30.pdf
002880,卫光生物,E:\项目汇总\1---getPDF\PDF文件\hs_pdf/卫光生物(002880.SZ)/年度报告/卫光生物(002880.SZ)_2019-04-12.pdf
002886,沃特股份,E:\项目汇总\1---getPDF\PDF文件\hs_pdf/沃特股份(002886.SZ)/年度报告/沃特股份(002886.SZ)_2018-04-23.pdf
002886,沃特股份,E:\项目汇总\1---getPDF\PDF文件\hs_pdf/沃特股份(002886.SZ)/年度报告/沃特股份(002886.SZ)_2019-04-23.pdf
000762,西藏矿业,E:\项目汇总\1---getPDF\PDF文件\hs_pdf/西藏矿业(000762.SZ)/年度报告/西藏矿业(000762.SZ)_2016-03-25.pdf
000762,西藏矿业,E:\项目汇总\1---getPDF\PDF文件\hs_pdf/西藏矿业(000762.SZ)/年度报告/西藏矿业(000762.SZ)_2017-03-29.pdf
000762,西藏矿业,E:\项目汇总\1---getPDF\PDF文件\hs_pdf/西藏矿业(000762.SZ)/年度报告/西藏矿业(000762.SZ)_2018-04-24.pdf
000762,西藏矿业,E:\项目汇总\1---getPDF\PDF文件\hs_pdf/西藏矿业(000762.SZ)/年度报告/西藏矿业(000762.SZ)_2018-06-06.pdf
000762,西藏矿业,E:\项目汇总\1---getPDF\PDF文件\hs_pdf/西藏矿业(000762.SZ)/年度报告/西藏矿业(000762.SZ)_2019-04-26.pdf
300733,西菱动力,E:\项目汇总\1---getPDF\PDF文件\hs_pdf/西菱动力(300733.SZ)/年度报告/西菱动力(300733.SZ)_2018-04-25.pdf
300733,西菱动力,E:\项目汇总\1---getPDF\PDF文件\hs_pdf/西菱动力(300733.SZ)/年度报告/西菱动力(300733.SZ)_2019-04-26.pdf
002870,香山股份,E:\项目汇总\1---getPDF\PDF文件\hs_pdf/香山股份(002870.SZ)/年度报告/香山股份(002870.SZ)_2018-03-19.pdf
002870,香山股份,E:\项目汇总\1---getPDF\PDF文件\hs_pdf/香山股份(002870.SZ)/年度报告/香山股份(002870.SZ)_2018-03-20.pdf
002870,香山股份,E:\项目汇总\1---getPDF\PDF文件\hs_pdf/香山股份(002870.SZ)/年度报告/香山股份(002870.SZ)_2019-04-25.pdf
300519,新光药业,E:\项目汇总\1---getPDF\PDF文件\hs_pdf/新光药业(300519.SZ)/年度报告/新光药业(300519.SZ)_2017-04-18.pdf
300519,新光药业,E:\项目汇总\1---getPDF\PDF文件\hs_pdf/新光药业(300519.SZ)/年度报告/新光药业(300519.SZ)_2018-04-17.pdf
300519,新光药业,E:\项目汇总\1---getPDF\PDF文件\hs_pdf/新光药业(300519.SZ)/年度报告/新光药业(300519.SZ)_2019-04-19.pdf
002942,新农股份,E:\项目汇总\1---getPDF\PDF文件\hs_pdf/新农股份(002942.SZ)/年度报告/新农股份(002942.SZ)_2019-03-29.pdf
002946,新乳业,E:\项目汇总\1---getPDF\PDF文件\hs_pdf/新乳业(002946.SZ)/年度报告/新乳业(002946.SZ)_2019-04-25.pdf
002873,新天药业,E:\项目汇总\1---getPDF\PDF文件\hs_pdf/新天药业(002873.SZ)/年度报告/新天药业(002873.SZ)_2018-04-24.pdf
002873,新天药业,E:\项目汇总\1---getPDF\PDF文件\hs_pdf/新天药业(002873.SZ)/年度报告/新天药业(002873.SZ)_2019-03-29.pdf
300722,新余国科,E:\项目汇总\1---getPDF\PDF文件\hs_pdf/新余国科(300722.SZ)/年度报告/新余国科(300722.SZ)_2018-03-30.pdf
300722,新余国科,E:\项目汇总\1---getPDF\PDF文件\hs_pdf/新余国科(300722.SZ)/年度报告/新余国科(300722.SZ)_2019-03-06.pdf
002860,星帅尔,E:\项目汇总\1---getPDF\PDF文件\hs_pdf/星帅尔(002860.SZ)/年度报告/星帅尔(002860.SZ)_2018-03-29.pdf
002860,星帅尔,E:\项目汇总\1---getPDF\PDF文件\hs_pdf/星帅尔(002860.SZ)/年度报告/星帅尔(002860.SZ)_2019-04-26.pdf
300256,星星科技,E:\项目汇总\1---getPDF\PDF文件\hs_pdf/星星科技(300256.SZ)/年度报告/星星科技(300256.SZ)_2016-03-22.pdf
300256,星星科技,E:\项目汇总\1---getPDF\PDF文件\hs_pdf/星星科技(300256.SZ)/年度报告/星星科技(300256.SZ)_2016-06-01.pdf
300256,星星科技,E:\项目汇总\1---getPDF\PDF文件\hs_pdf/星星科技(300256.SZ)/年度报告/星星科技(300256.SZ)_2017-03-25.pdf
300256,星星科技,E:\项目汇总\1---getPDF\PDF文件\hs_pdf/星星科技(300256.SZ)/年度报告/星星科技(300256.SZ)_2018-03-24.pdf
300256,星星科技,E:\项目汇总\1---getPDF\PDF文件\hs_pdf/星星科技(300256.SZ)/年度报告/星星科技(300256.SZ)_2019-04-23.pdf
300648,星云股份,E:\项目汇总\1---getPDF\PDF文件\hs_pdf/星云股份(300648.SZ)/年度报告/星云股份(300648.SZ)_2018-04-18.pdf
300648,星云股份,E:\项目汇总\1---getPDF\PDF文件\hs_pdf/星云股份(300648.SZ)/年度报告/星云股份(300648.SZ)_2018-05-11.pdf
300648,星云股份,E:\项目汇总\1---getPDF\PDF文件\hs_pdf/星云股份(300648.SZ)/年度报告/星云股份(300648.SZ)_2019-04-23.pdf
300123,亚光科技,E:\项目汇总\1---getPDF\PDF文件\hs_pdf/亚光科技(300123.SZ)/年度报告/亚光科技(300123.SZ)_2016-04-26.pdf
300123,亚光科技,E:\项目汇总\1---getPDF\PDF文件\hs_pdf/亚光科技(300123.SZ)/年度报告/亚光科技(300123.SZ)_2018-04-25.pdf
300123,亚光科技,E:\项目汇总\1---getPDF\PDF文件\hs_pdf/亚光科技(300123.SZ)/年度报告/亚光科技(300123.SZ)_2019-04-30.pdf
002411,延安必康,E:\项目汇总\1---getPDF\PDF文件\hs_pdf/延安必康(002411.SZ)/年度报告/延安必康(002411.SZ)_2016-04-26.pdf
002411,延安必康,E:\项目汇总\1---getPDF\PDF文件\hs_pdf/延安必康(002411.SZ)/年度报告/延安必康(002411.SZ)_2017-04-27.pdf
002411,延安必康,E:\项目汇总\1---getPDF\PDF文件\hs_pdf/延安必康(002411.SZ)/年度报告/延安必康(002411.SZ)_2018-04-17.pdf
002411,延安必康,E:\项目汇总\1---getPDF\PDF文件\hs_pdf/延安必康(002411.SZ)/年度报告/延安必康(002411.SZ)_2019-04-29.pdf
300658,延江股份,E:\项目汇总\1---getPDF\PDF文件\hs_pdf/延江股份(300658.SZ)/年度报告/延江股份(300658.SZ)_2018-03-30.pdf
300658,延江股份,E:\项目汇总\1---getPDF\PDF文件\hs_pdf/延江股份(300658.SZ)/年度报告/延江股份(300658.SZ)_2019-03-30.pdf
300658,延江股份,E:\项目汇总\1---getPDF\PDF文件\hs_pdf/延江股份(300658.SZ)/年度报告/延江股份(300658.SZ)_2019-04-30.pdf
000729,燕京啤酒,E:\项目汇总\1---getPDF\PDF文件\hs_pdf/燕京啤酒(000729.SZ)/年度报告/燕京啤酒(000729.SZ)_2016-04-29.pdf
000729,燕京啤酒,E:\项目汇总\1---getPDF\PDF文件\hs_pdf/燕京啤酒(000729.SZ)/年度报告/燕京啤酒(000729.SZ)_2017-04-26.pdf
000729,燕京啤酒,E:\项目汇总\1---getPDF\PDF文件\hs_pdf/燕京啤酒(000729.SZ)/年度报告/燕京啤酒(000729.SZ)_2018-04-28.pdf
000729,燕京啤酒,E:\项目汇总\1---getPDF\PDF文件\hs_pdf/燕京啤酒(000729.SZ)/年度报告/燕京啤酒(000729.SZ)_2019-04-27.pdf
000729,燕京啤酒,E:\项目汇总\1---getPDF\PDF文件\hs_pdf/燕京啤酒(000729.SZ)/年度报告/燕京啤酒(000729.SZ)_2019-05-10.pdf
300637,扬帆新材,E:\项目汇总\1---getPDF\PDF文件\hs_pdf/扬帆新材(300637.SZ)/年度报告/扬帆新材(300637.SZ)_2018-04-24.pdf
300637,扬帆新材,E:\项目汇总\1---getPDF\PDF文件\hs_pdf/扬帆新材(300637.SZ)/年度报告/扬帆新材(300637.SZ)_2019-03-20.pdf
300725,药石科技,E:\项目汇总\1---getPDF\PDF文件\hs_pdf/药石科技(300725.SZ)/年度报告/药石科技(300725.SZ)_2018-04-13.pdf
300725,药石科技,E:\项目汇总\1---getPDF\PDF文件\hs_pdf/药石科技(300725.SZ)/年度报告/药石科技(300725.SZ)_2019-04-02.pdf
300723,一品红,E:\项目汇总\1---getPDF\PDF文件\hs_pdf/一品红(300723.SZ)/年度报告/一品红(300723.SZ)_2018-04-24.pdf
300723,一品红,E:\项目汇总\1---getPDF\PDF文件\hs_pdf/一品红(300723.SZ)/年度报告/一品红(300723.SZ)_2019-03-13.pdf
002922,伊戈尔,E:\项目汇总\1---getPDF\PDF文件\hs_pdf/伊戈尔(002922.SZ)/年度报告/伊戈尔(002922.SZ)_2018-04-20.pdf
002922,伊戈尔,E:\项目汇总\1---getPDF\PDF文件\hs_pdf/伊戈尔(002922.SZ)/年度报告/伊戈尔(002922.SZ)_2019-04-12.pdf
000150,宜华健康,E:\项目汇总\1---getPDF\PDF文件\hs_pdf/宜华健康(000150.SZ)/年度报告/宜华健康(000150.SZ)_2016-04-09.pdf
000150,宜华健康,E:\项目汇总\1---getPDF\PDF文件\hs_pdf/宜华健康(000150.SZ)/年度报告/宜华健康(000150.SZ)_2016-04-14.pdf
000150,宜华健康,E:\项目汇总\1---getPDF\PDF文件\hs_pdf/宜华健康(000150.SZ)/年度报告/宜华健康(000150.SZ)_2017-04-14.pdf
000150,宜华健康,E:\项目汇总\1---getPDF\PDF文件\hs_pdf/宜华健康(000150.SZ)/年度报告/宜华健康(000150.SZ)_2018-04-26.pdf
000150,宜华健康,E:\项目汇总\1---getPDF\PDF文件\hs_pdf/宜华健康(000150.SZ)/年度报告/宜华健康(000150.SZ)_2019-04-26.pdf
300721,怡达股份,E:\项目汇总\1---getPDF\PDF文件\hs_pdf/怡达股份(300721.SZ)/年度报告/怡达股份(300721.SZ)_2018-04-25.pdf
300721,怡达股份,E:\项目汇总\1---getPDF\PDF文件\hs_pdf/怡达股份(300721.SZ)/年度报告/怡达股份(300721.SZ)_2019-04-12.pdf
300628,亿联网络,E:\项目汇总\1---getPDF\PDF文件\hs_pdf/亿联网络(300628.SZ)/年度报告/亿联网络(300628.SZ)_2018-04-25.pdf
300628,亿联网络,E:\项目汇总\1---getPDF\PDF文件\hs_pdf/亿联网络(300628.SZ)/年度报告/亿联网络(300628.SZ)_2019-04-24.pdf
002826,易明医药,E:\项目汇总\1---getPDF\PDF文件\hs_pdf/易明医药(002826.SZ)/年度报告/易明医药(002826.SZ)_2017-03-30.pdf
002826,易明医药,E:\项目汇总\1---getPDF\PDF文件\hs_pdf/易明医药(002826.SZ)/年度报告/易明医药(002826.SZ)_2018-04-19.pdf
002826,易明医药,E:\项目汇总\1---getPDF\PDF文件\hs_pdf/易明医药(002826.SZ)/年度报告/易明医药(002826.SZ)_2019-04-24.pdf
300125,易世达,E:\项目汇总\1---getPDF\PDF文件\hs_pdf/易世达(300125.SZ)/年度报告/易世达(300125.SZ)_2017-03-21.pdf
300125,易世达,E:\项目汇总\1---getPDF\PDF文件\hs_pdf/易世达(300125.SZ)/年度报告/易世达(300125.SZ)_2018-04-17.pdf
300125,易世达,E:\项目汇总\1---getPDF\PDF文件\hs_pdf/易世达(300125.SZ)/年度报告/易世达(300125.SZ)_2019-01-29.pdf
002897,意华股份,E:\项目汇总\1---getPDF\PDF文件\hs_pdf/意华股份(002897.SZ)/年度报告/意华股份(002897.SZ)_2018-04-26.pdf
002897,意华股份,E:\项目汇总\1---getPDF\PDF文件\hs_pdf/意华股份(002897.SZ)/年度报告/意华股份(002897.SZ)_2018-05-04.pdf
002897,意华股份,E:\项目汇总\1---getPDF\PDF文件\hs_pdf/意华股份(002897.SZ)/年度报告/意华股份(002897.SZ)_2019-04-25.pdf
300681,英搏尔,E:\项目汇总\1---getPDF\PDF文件\hs_pdf/英搏尔(300681.SZ)/年度报告/英搏尔(300681.SZ)_2018-03-13.pdf
300681,英搏尔,E:\项目汇总\1---getPDF\PDF文件\hs_pdf/英搏尔(300681.SZ)/年度报告/英搏尔(300681.SZ)_2019-03-30.pdf
300677,英科医疗,E:\项目汇总\1---getPDF\PDF文件\hs_pdf/英科医疗(300677.SZ)/年度报告/英科医疗(300677.SZ)_2018-02-28.pdf
300677,英科医疗,E:\项目汇总\1---getPDF\PDF文件\hs_pdf/英科医疗(300677.SZ)/年度报告/英科医疗(300677.SZ)_2019-04-29.pdf
300713,英可瑞,E:\项目汇总\1---getPDF\PDF文件\hs_pdf/英可瑞(300713.SZ)/年度报告/英可瑞(300713.SZ)_2018-04-16.pdf
300713,英可瑞,E:\项目汇总\1---getPDF\PDF文件\hs_pdf/英可瑞(300713.SZ)/年度报告/英可瑞(300713.SZ)_2019-04-25.pdf
002846,英联股份,E:\项目汇总\1---getPDF\PDF文件\hs_pdf/英联股份(002846.SZ)/年度报告/英联股份(002846.SZ)_2018-04-10.pdf
002846,英联股份,E:\项目汇总\1---getPDF\PDF文件\hs_pdf/英联股份(002846.SZ)/年度报告/英联股份(002846.SZ)_2019-04-29.pdf
002899,英派斯,E:\项目汇总\1---getPDF\PDF文件\hs_pdf/英派斯(002899.SZ)/年度报告/英派斯(002899.SZ)_2018-04-25.pdf
002899,英派斯,E:\项目汇总\1---getPDF\PDF文件\hs_pdf/英派斯(002899.SZ)/年度报告/英派斯(002899.SZ)_2019-04-30.pdf
000411,英特集团,E:\项目汇总\1---getPDF\PDF文件\hs_pdf/英特集团(000411.SZ)/年度报告/英特集团(000411.SZ)_2016-04-16.pdf
000411,英特集团,E:\项目汇总\1---getPDF\PDF文件\hs_pdf/英特集团(000411.SZ)/年度报告/英特集团(000411.SZ)_2017-04-22.pdf
000411,英特集团,E:\项目汇总\1---getPDF\PDF文件\hs_pdf/英特集团(000411.SZ)/年度报告/英特集团(000411.SZ)_2018-04-21.pdf
000411,英特集团,E:\项目汇总\1---getPDF\PDF文件\hs_pdf/英特集团(000411.SZ)/年度报告/英特集团(000411.SZ)_2019-04-26.pdf
002925,盈趣科技,E:\项目汇总\1---getPDF\PDF文件\hs_pdf/盈趣科技(002925.SZ)/年度报告/盈趣科技(002925.SZ)_2018-03-30.pdf
002925,盈趣科技,E:\项目汇总\1---getPDF\PDF文件\hs_pdf/盈趣科技(002925.SZ)/年度报告/盈趣科技(002925.SZ)_2019-03-30.pdf
002861,瀛通通讯,E:\项目汇总\1---getPDF\PDF文件\hs_pdf/瀛通通讯(002861.SZ)/年度报告/瀛通通讯(002861.SZ)_2018-04-23.pdf
002861,瀛通通讯,E:\项目汇总\1---getPDF\PDF文件\hs_pdf/瀛通通讯(002861.SZ)/年度报告/瀛通通讯(002861.SZ)_2019-04-25.pdf
002861,瀛通通讯,E:\项目汇总\1---getPDF\PDF文件\hs_pdf/瀛通通讯(002861.SZ)/年度报告/瀛通通讯(002861.SZ)_2019-06-06.pdf
300514,友讯达,E:\项目汇总\1---getPDF\PDF文件\hs_pdf/友讯达(300514.SZ)/年度报告/友讯达(300514.SZ)_2018-04-16.pdf
300514,友讯达,E:\项目汇总\1---getPDF\PDF文件\hs_pdf/友讯达(300514.SZ)/年度报告/友讯达(300514.SZ)_2019-04-25.pdf
002903,宇环数控,E:\项目汇总\1---getPDF\PDF文件\hs_pdf/宇环数控(002903.SZ)/年度报告/宇环数控(002903.SZ)_2018-04-19.pdf
002903,宇环数控,E:\项目汇总\1---getPDF\PDF文件\hs_pdf/宇环数控(002903.SZ)/年度报告/宇环数控(002903.SZ)_2019-04-10.pdf
300305,裕兴股份,E:\项目汇总\1---getPDF\PDF文件\hs_pdf/裕兴股份(300305.SZ)/年度报告/裕兴股份(300305.SZ)_2016-04-26.pdf
300305,裕兴股份,E:\项目汇总\1---getPDF\PDF文件\hs_pdf/裕兴股份(300305.SZ)/年度报告/裕兴股份(300305.SZ)_2017-03-08.pdf
300305,裕兴股份,E:\项目汇总\1---getPDF\PDF文件\hs_pdf/裕兴股份(300305.SZ)/年度报告/裕兴股份(300305.SZ)_2018-03-31.pdf
002878,元隆雅图,E:\项目汇总\1---getPDF\PDF文件\hs_pdf/元隆雅图(002878.SZ)/年度报告/元隆雅图(002878.SZ)_2018-04-25.pdf
002878,元隆雅图,E:\项目汇总\1---getPDF\PDF文件\hs_pdf/元隆雅图(002878.SZ)/年度报告/元隆雅图(002878.SZ)_2019-04-19.pdf
200539,粤电力Ｂ,E:\项目汇总\1---getPDF\PDF文件\hs_pdf/粤电力Ｂ(200539.SZ)/年度报告/粤电力Ｂ(200539.SZ)_2016-04-30.pdf
200539,粤电力Ｂ,E:\项目汇总\1---getPDF\PDF文件\hs_pdf/粤电力Ｂ(200539.SZ)/年度报告/粤电力Ｂ(200539.SZ)_2017-04-26.pdf
200539,粤电力Ｂ,E:\项目汇总\1---getPDF\PDF文件\hs_pdf/粤电力Ｂ(200539.SZ)/年度报告/粤电力Ｂ(200539.SZ)_2018-04-28.pdf
200539,粤电力Ｂ,E:\项目汇总\1---getPDF\PDF文件\hs_pdf/粤电力Ｂ(200539.SZ)/年度报告/粤电力Ｂ(200539.SZ)_2019-04-12.pdf
200541,粤照明Ｂ,E:\项目汇总\1---getPDF\PDF文件\hs_pdf/粤照明Ｂ(200541.SZ)/年度报告/粤照明Ｂ(200541.SZ)_2016-03-28.pdf
200541,粤照明Ｂ,E:\项目汇总\1---getPDF\PDF文件\hs_pdf/粤照明Ｂ(200541.SZ)/年度报告/粤照明Ｂ(200541.SZ)_2017-03-30.pdf
200541,粤照明Ｂ,E:\项目汇总\1---getPDF\PDF文件\hs_pdf/粤照明Ｂ(200541.SZ)/年度报告/粤照明Ｂ(200541.SZ)_2017-04-18.pdf
200541,粤照明Ｂ,E:\项目汇总\1---getPDF\PDF文件\hs_pdf/粤照明Ｂ(200541.SZ)/年度报告/粤照明Ｂ(200541.SZ)_2018-03-30.pdf
200541,粤照明Ｂ,E:\项目汇总\1---getPDF\PDF文件\hs_pdf/粤照明Ｂ(200541.SZ)/年度报告/粤照明Ｂ(200541.SZ)_2019-03-29.pdf
001965,招商公路,E:\项目汇总\1---getPDF\PDF文件\hs_pdf/招商公路(001965.SZ)/年度报告/招商公路(001965.SZ)_2018-04-10.pdf
001965,招商公路,E:\项目汇总\1---getPDF\PDF文件\hs_pdf/招商公路(001965.SZ)/年度报告/招商公路(001965.SZ)_2019-04-10.pdf
300695,兆丰股份,E:\项目汇总\1---getPDF\PDF文件\hs_pdf/兆丰股份(300695.SZ)/年度报告/兆丰股份(300695.SZ)_2018-04-20.pdf
300695,兆丰股份,E:\项目汇总\1---getPDF\PDF文件\hs_pdf/兆丰股份(300695.SZ)/年度报告/兆丰股份(300695.SZ)_2019-04-16.pdf
300333,兆日科技,E:\项目汇总\1---getPDF\PDF文件\hs_pdf/兆日科技(300333.SZ)/年度报告/兆日科技(300333.SZ)_2016-04-22.pdf
300333,兆日科技,E:\项目汇总\1---getPDF\PDF文件\hs_pdf/兆日科技(300333.SZ)/年度报告/兆日科技(300333.SZ)_2017-04-20.pdf
300333,兆日科技,E:\项目汇总\1---getPDF\PDF文件\hs_pdf/兆日科技(300333.SZ)/年度报告/兆日科技(300333.SZ)_2018-04-20.pdf
000906,浙商中拓,E:\项目汇总\1---getPDF\PDF文件\hs_pdf/浙商中拓(000906.SZ)/年度报告/浙商中拓(000906.SZ)_2016-04-09.pdf
000906,浙商中拓,E:\项目汇总\1---getPDF\PDF文件\hs_pdf/浙商中拓(000906.SZ)/年度报告/浙商中拓(000906.SZ)_2017-04-08.pdf
000906,浙商中拓,E:\项目汇总\1---getPDF\PDF文件\hs_pdf/浙商中拓(000906.SZ)/年度报告/浙商中拓(000906.SZ)_2018-04-20.pdf
000906,浙商中拓,E:\项目汇总\1---getPDF\PDF文件\hs_pdf/浙商中拓(000906.SZ)/年度报告/浙商中拓(000906.SZ)_2019-03-28.pdf
300641,正丹股份,E:\项目汇总\1---getPDF\PDF文件\hs_pdf/正丹股份(300641.SZ)/年度报告/正丹股份(300641.SZ)_2018-04-24.pdf
300641,正丹股份,E:\项目汇总\1---getPDF\PDF文件\hs_pdf/正丹股份(300641.SZ)/年度报告/正丹股份(300641.SZ)_2019-04-26.pdf
300653,正海生物,E:\项目汇总\1---getPDF\PDF文件\hs_pdf/正海生物(300653.SZ)/年度报告/正海生物(300653.SZ)_2018-03-30.pdf
300653,正海生物,E:\项目汇总\1---getPDF\PDF文件\hs_pdf/正海生物(300653.SZ)/年度报告/正海生物(300653.SZ)_2019-03-30.pdf
300645,正元智慧,E:\项目汇总\1---getPDF\PDF文件\hs_pdf/正元智慧(300645.SZ)/年度报告/正元智慧(300645.SZ)_2018-04-23.pdf
300645,正元智慧,E:\项目汇总\1---getPDF\PDF文件\hs_pdf/正元智慧(300645.SZ)/年度报告/正元智慧(300645.SZ)_2019-03-29.pdf
300686,智动力,E:\项目汇总\1---getPDF\PDF文件\hs_pdf/智动力(300686.SZ)/年度报告/智动力(300686.SZ)_2018-04-25.pdf
300686,智动力,E:\项目汇总\1---getPDF\PDF文件\hs_pdf/智动力(300686.SZ)/年度报告/智动力(300686.SZ)_2019-04-26.pdf
002877,智能自控,E:\项目汇总\1---getPDF\PDF文件\hs_pdf/智能自控(002877.SZ)/年度报告/智能自控(002877.SZ)_2018-03-08.pdf
002877,智能自控,E:\项目汇总\1---getPDF\PDF文件\hs_pdf/智能自控(002877.SZ)/年度报告/智能自控(002877.SZ)_2019-04-22.pdf
002891,中宠股份,E:\项目汇总\1---getPDF\PDF文件\hs_pdf/中宠股份(002891.SZ)/年度报告/中宠股份(002891.SZ)_2018-03-16.pdf
002891,中宠股份,E:\项目汇总\1---getPDF\PDF文件\hs_pdf/中宠股份(002891.SZ)/年度报告/中宠股份(002891.SZ)_2019-04-18.pdf
300635,中达安,E:\项目汇总\1---getPDF\PDF文件\hs_pdf/中达安(300635.SZ)/年度报告/中达安(300635.SZ)_2018-03-23.pdf
300635,中达安,E:\项目汇总\1---getPDF\PDF文件\hs_pdf/中达安(300635.SZ)/年度报告/中达安(300635.SZ)_2019-03-30.pdf
002896,中大力德,E:\项目汇总\1---getPDF\PDF文件\hs_pdf/中大力德(002896.SZ)/年度报告/中大力德(002896.SZ)_2018-03-30.pdf
002896,中大力德,E:\项目汇总\1---getPDF\PDF文件\hs_pdf/中大力德(002896.SZ)/年度报告/中大力德(002896.SZ)_2019-04-12.pdf
300659,中孚信息,E:\项目汇总\1---getPDF\PDF文件\hs_pdf/中孚信息(300659.SZ)/年度报告/中孚信息(300659.SZ)_2018-03-22.pdf
300659,中孚信息,E:\项目汇总\1---getPDF\PDF文件\hs_pdf/中孚信息(300659.SZ)/年度报告/中孚信息(300659.SZ)_2019-03-30.pdf
300560,中富通,E:\项目汇总\1---getPDF\PDF文件\hs_pdf/中富通(300560.SZ)/年度报告/中富通(300560.SZ)_2017-04-15.pdf
300560,中富通,E:\项目汇总\1---getPDF\PDF文件\hs_pdf/中富通(300560.SZ)/年度报告/中富通(300560.SZ)_2018-04-17.pdf
300560,中富通,E:\项目汇总\1---getPDF\PDF文件\hs_pdf/中富通(300560.SZ)/年度报告/中富通(300560.SZ)_2019-04-18.pdf
300560,中富通,E:\项目汇总\1---getPDF\PDF文件\hs_pdf/中富通(300560.SZ)/年度报告/中富通(300560.SZ)_2019-04-19.pdf
000881,中广核技,E:\项目汇总\1---getPDF\PDF文件\hs_pdf/中广核技(000881.SZ)/年度报告/中广核技(000881.SZ)_2016-03-29.pdf
000881,中广核技,E:\项目汇总\1---getPDF\PDF文件\hs_pdf/中广核技(000881.SZ)/年度报告/中广核技(000881.SZ)_2017-04-12.pdf
000881,中广核技,E:\项目汇总\1---getPDF\PDF文件\hs_pdf/中广核技(000881.SZ)/年度报告/中广核技(000881.SZ)_2017-04-22.pdf
000881,中广核技,E:\项目汇总\1---getPDF\PDF文件\hs_pdf/中广核技(000881.SZ)/年度报告/中广核技(000881.SZ)_2018-04-10.pdf
000881,中广核技,E:\项目汇总\1---getPDF\PDF文件\hs_pdf/中广核技(000881.SZ)/年度报告/中广核技(000881.SZ)_2019-04-27.pdf
300527,中国应急,E:\项目汇总\1---getPDF\PDF文件\hs_pdf/中国应急(300527.SZ)/年度报告/中国应急(300527.SZ)_2017-04-26.pdf
300527,中国应急,E:\项目汇总\1---getPDF\PDF文件\hs_pdf/中国应急(300527.SZ)/年度报告/中国应急(300527.SZ)_2018-04-24.pdf
300527,中国应急,E:\项目汇总\1---getPDF\PDF文件\hs_pdf/中国应急(300527.SZ)/年度报告/中国应急(300527.SZ)_2019-04-25.pdf
300692,中环环保,E:\项目汇总\1---getPDF\PDF文件\hs_pdf/中环环保(300692.SZ)/年度报告/中环环保(300692.SZ)_2018-03-30.pdf
300692,中环环保,E:\项目汇总\1---getPDF\PDF文件\hs_pdf/中环环保(300692.SZ)/年度报告/中环环保(300692.SZ)_2019-03-12.pdf
300678,中科信息,E:\项目汇总\1---getPDF\PDF文件\hs_pdf/中科信息(300678.SZ)/年度报告/中科信息(300678.SZ)_2018-04-25.pdf
300678,中科信息,E:\项目汇总\1---getPDF\PDF文件\hs_pdf/中科信息(300678.SZ)/年度报告/中科信息(300678.SZ)_2019-03-30.pdf
002883,中设股份,E:\项目汇总\1---getPDF\PDF文件\hs_pdf/中设股份(002883.SZ)/年度报告/中设股份(002883.SZ)_2018-04-25.pdf
002883,中设股份,E:\项目汇总\1---getPDF\PDF文件\hs_pdf/中设股份(002883.SZ)/年度报告/中设股份(002883.SZ)_2019-04-25.pdf
300684,中石科技,E:\项目汇总\1---getPDF\PDF文件\hs_pdf/中石科技(300684.SZ)/年度报告/中石科技(300684.SZ)_2018-03-30.pdf
300684,中石科技,E:\项目汇总\1---getPDF\PDF文件\hs_pdf/中石科技(300684.SZ)/年度报告/中石科技(300684.SZ)_2019-04-26.pdf
002915,中欣氟材,E:\项目汇总\1---getPDF\PDF文件\hs_pdf/中欣氟材(002915.SZ)/年度报告/中欣氟材(002915.SZ)_2018-04-13.pdf
002915,中欣氟材,E:\项目汇总\1---getPDF\PDF文件\hs_pdf/中欣氟材(002915.SZ)/年度报告/中欣氟材(002915.SZ)_2019-04-19.pdf
002912,中新赛克,E:\项目汇总\1---getPDF\PDF文件\hs_pdf/中新赛克(002912.SZ)/年度报告/中新赛克(002912.SZ)_2018-03-17.pdf
002912,中新赛克,E:\项目汇总\1---getPDF\PDF文件\hs_pdf/中新赛克(002912.SZ)/年度报告/中新赛克(002912.SZ)_2019-04-20.pdf
000544,中原环保,E:\项目汇总\1---getPDF\PDF文件\hs_pdf/中原环保(000544.SZ)/年度报告/中原环保(000544.SZ)_2016-05-27.pdf
000544,中原环保,E:\项目汇总\1---getPDF\PDF文件\hs_pdf/中原环保(000544.SZ)/年度报告/中原环保(000544.SZ)_2017-04-19.pdf
000544,中原环保,E:\项目汇总\1---getPDF\PDF文件\hs_pdf/中原环保(000544.SZ)/年度报告/中原环保(000544.SZ)_2018-03-31.pdf
000544,中原环保,E:\项目汇总\1---getPDF\PDF文件\hs_pdf/中原环保(000544.SZ)/年度报告/中原环保(000544.SZ)_2019-04-13.pdf
002464,众应互联,E:\项目汇总\1---getPDF\PDF文件\hs_pdf/众应互联(002464.SZ)/年度报告/众应互联(002464.SZ)_2016-04-26.pdf
002464,众应互联,E:\项目汇总\1---getPDF\PDF文件\hs_pdf/众应互联(002464.SZ)/年度报告/众应互联(002464.SZ)_2017-03-31.pdf
002464,众应互联,E:\项目汇总\1---getPDF\PDF文件\hs_pdf/众应互联(002464.SZ)/年度报告/众应互联(002464.SZ)_2018-04-26.pdf
002464,众应互联,E:\项目汇总\1---getPDF\PDF文件\hs_pdf/众应互联(002464.SZ)/年度报告/众应互联(002464.SZ)_2019-04-30.pdf
000950,重药控股,E:\项目汇总\1---getPDF\PDF文件\hs_pdf/重药控股(000950.SZ)/年度报告/重药控股(000950.SZ)_2016-04-22.pdf
000950,重药控股,E:\项目汇总\1---getPDF\PDF文件\hs_pdf/重药控股(000950.SZ)/年度报告/重药控股(000950.SZ)_2017-04-26.pdf
000950,重药控股,E:\项目汇总\1---getPDF\PDF文件\hs_pdf/重药控股(000950.SZ)/年度报告/重药控股(000950.SZ)_2017-05-26.pdf
000950,重药控股,E:\项目汇总\1---getPDF\PDF文件\hs_pdf/重药控股(000950.SZ)/年度报告/重药控股(000950.SZ)_2018-04-20.pdf
000950,重药控股,E:\项目汇总\1---getPDF\PDF文件\hs_pdf/重药控股(000950.SZ)/年度报告/重药控股(000950.SZ)_2018-07-03.pdf
000950,重药控股,E:\项目汇总\1---getPDF\PDF文件\hs_pdf/重药控股(000950.SZ)/年度报告/重药控股(000950.SZ)_2019-04-23.pdf
002867,周大生,E:\项目汇总\1---getPDF\PDF文件\hs_pdf/周大生(002867.SZ)/年度报告/周大生(002867.SZ)_2018-04-17.pdf
002867,周大生,E:\项目汇总\1---getPDF\PDF文件\hs_pdf/周大生(002867.SZ)/年度报告/周大生(002867.SZ)_2019-04-23.pdf
002910,庄园牧场,E:\项目汇总\1---getPDF\PDF文件\hs_pdf/庄园牧场(002910.SZ)/年度报告/庄园牧场(002910.SZ)_2018-03-29.pdf
002910,庄园牧场,E:\项目汇总\1---getPDF\PDF文件\hs_pdf/庄园牧场(002910.SZ)/年度报告/庄园牧场(002910.SZ)_2019-01-31.pdf
002910,庄园牧场,E:\项目汇总\1---getPDF\PDF文件\hs_pdf/庄园牧场(002910.SZ)/年度报告/庄园牧场(002910.SZ)_2019-06-11.pdf
